<?xml version="1.0"?>
<opencv_storage>
<cascade>
  <stageType>BOOST</stageType>
  <featureType>HAAR</featureType>
  <height>24</height>
  <width>24</width>
  <stageParams>
    <boostType>GAB</boostType>
    <minHitRate>9.9500000476837158e-01</minHitRate>
    <maxFalseAlarm>5.0000000000000000e-01</maxFalseAlarm>
    <weightTrimRate>9.4999999999999996e-01</weightTrimRate>
    <maxDepth>1</maxDepth>
    <maxWeakCount>100</maxWeakCount></stageParams>
  <featureParams>
    <maxCatCount>0</maxCatCount>
    <featSize>1</featSize>
    <mode>BASIC</mode></featureParams>
  <stageNum>11</stageNum>
  <stages>
    <!-- stage 0 -->
    <_>
      <maxWeakCount>2</maxWeakCount>
      <stageThreshold>-2.5391396880149841e-01</stageThreshold>
      <weakClassifiers>
        <_>
          <internalNodes>
            0 -1 6 4.2347572743892670e-02</internalNodes>
          <leafValues>
            -9.6039605140686035e-01 7.7777779102325439e-01</leafValues></_>
        <_>
          <internalNodes>
            0 -1 4 2.7323972433805466e-02</internalNodes>
          <leafValues>
            -1. 7.0648205280303955e-01</leafValues></_></weakClassifiers></_>
    <!-- stage 1 -->
    <_>
      <maxWeakCount>2</maxWeakCount>
      <stageThreshold>-4.7755157947540283e-01</stageThreshold>
      <weakClassifiers>
        <_>
          <internalNodes>
            0 -1 15 -2.4586198851466179e-02</internalNodes>
          <leafValues>
            5.5555558204650879e-01 -9.4059407711029053e-01</leafValues></_>
        <_>
          <internalNodes>
            0 -1 14 -2.3471206426620483e-02</internalNodes>
          <leafValues>
            4.6304246783256531e-01 -1.</leafValues></_></weakClassifiers></_>
    <!-- stage 2 -->
    <_>
      <maxWeakCount>2</maxWeakCount>
      <stageThreshold>-7.3800164461135864e-01</stageThreshold>
      <weakClassifiers>
        <_>
          <internalNodes>
            0 -1 18 7.0974700152873993e-02</internalNodes>
          <leafValues>
            -9.5833331346511841e-01 1.4285714924335480e-01</leafValues></_>
        <_>
          <internalNodes>
            0 -1 19 -1.5773504972457886e-02</internalNodes>
          <leafValues>
            6.6552698612213135e-01 -8.8085883855819702e-01</leafValues></_></weakClassifiers></_>
    <!-- stage 3 -->
    <_>
      <maxWeakCount>2</maxWeakCount>
      <stageThreshold>-1.3477969169616699e-01</stageThreshold>
      <weakClassifiers>
        <_>
          <internalNodes>
            0 -1 2 1.4224976301193237e-01</internalNodes>
          <leafValues>
            -9.2307692766189575e-01 1.</leafValues></_>
        <_>
          <internalNodes>
            0 -1 13 -7.5075238943099976e-02</internalNodes>
          <leafValues>
            7.8829723596572876e-01 -1.</leafValues></_></weakClassifiers></_>
    <!-- stage 4 -->
    <_>
      <maxWeakCount>2</maxWeakCount>
      <stageThreshold>-4.1516771912574768e-01</stageThreshold>
      <weakClassifiers>
        <_>
          <internalNodes>
            0 -1 10 -5.5296748876571655e-02</internalNodes>
          <leafValues>
            5.5555558204650879e-01 -9.4059407711029053e-01</leafValues></_>
        <_>
          <internalNodes>
            0 -1 8 6.2810279428958893e-02</internalNodes>
          <leafValues>
            -9.7072327136993408e-01 5.6166678667068481e-01</leafValues></_></weakClassifiers></_>
    <!-- stage 5 -->
    <_>
      <maxWeakCount>2</maxWeakCount>
      <stageThreshold>-5.9237658977508545e-01</stageThreshold>
      <weakClassifiers>
        <_>
          <internalNodes>
            0 -1 20 2.5196477770805359e-02</internalNodes>
          <leafValues>
            -9.0476191043853760e-01 1.</leafValues></_>
        <_>
          <internalNodes>
            0 -1 7 3.0022202990949154e-03</internalNodes>
          <leafValues>
            -1. 3.1238532066345215e-01</leafValues></_></weakClassifiers></_>
    <!-- stage 6 -->
    <_>
      <maxWeakCount>2</maxWeakCount>
      <stageThreshold>-5.2844339609146118e-01</stageThreshold>
      <weakClassifiers>
        <_>
          <internalNodes>
            0 -1 16 -4.8046890646219254e-02</internalNodes>
          <leafValues>
            1. -9.2307692766189575e-01</leafValues></_>
        <_>
          <internalNodes>
            0 -1 3 4.3164589442312717e-03</internalNodes>
          <leafValues>
            -1. 3.9463353157043457e-01</leafValues></_></weakClassifiers></_>
    <!-- stage 7 -->
    <_>
      <maxWeakCount>2</maxWeakCount>
      <stageThreshold>-5.8460384607315063e-01</stageThreshold>
      <weakClassifiers>
        <_>
          <internalNodes>
            0 -1 11 -6.2996953725814819e-02</internalNodes>
          <leafValues>
            6.6666668653488159e-01 -9.0384614467620850e-01</leafValues></_>
        <_>
          <internalNodes>
            0 -1 12 1.2414506636559963e-03</internalNodes>
          <leafValues>
            -1. 3.1924232840538025e-01</leafValues></_></weakClassifiers></_>
    <!-- stage 8 -->
    <_>
      <maxWeakCount>2</maxWeakCount>
      <stageThreshold>-4.8260241746902466e-01</stageThreshold>
      <weakClassifiers>
        <_>
          <internalNodes>
            0 -1 21 8.5522845387458801e-02</internalNodes>
          <leafValues>
            -8.8679248094558716e-01 1.</leafValues></_>
        <_>
          <internalNodes>
            0 -1 9 2.9813665896654129e-03</internalNodes>
          <leafValues>
            4.0419003367424011e-01 -1.</leafValues></_></weakClassifiers></_>
    <!-- stage 9 -->
    <_>
      <maxWeakCount>2</maxWeakCount>
      <stageThreshold>-4.6759903430938721e-01</stageThreshold>
      <weakClassifiers>
        <_>
          <internalNodes>
            0 -1 0 -5.4294534027576447e-02</internalNodes>
          <leafValues>
            1. -8.6915886402130127e-01</leafValues></_>
        <_>
          <internalNodes>
            0 -1 17 9.5393450465053320e-04</internalNodes>
          <leafValues>
            -1. 4.0155985951423645e-01</leafValues></_></weakClassifiers></_>
    <!-- stage 10 -->
    <_>
      <maxWeakCount>2</maxWeakCount>
      <stageThreshold>-3.2779097557067871e-01</stageThreshold>
      <weakClassifiers>
        <_>
          <internalNodes>
            0 -1 5 1.4068388938903809e-01</internalNodes>
          <leafValues>
            -8.8679248094558716e-01 1.</leafValues></_>
        <_>
          <internalNodes>
            0 -1 1 7.7782864682376385e-03</internalNodes>
          <leafValues>
            -1. 5.5900144577026367e-01</leafValues></_></weakClassifiers></_></stages>
  <features>
    <_>
      <rects>
        <_>
          0 3 16 8 -1.</_>
        <_>
          8 3 8 8 2.</_></rects>
      <tilted>0</tilted></_>
    <_>
      <rects>
        <_>
          0 9 9 1 -1.</_>
        <_>
          3 9 3 1 3.</_></rects>
      <tilted>0</tilted></_>
    <_>
      <rects>
        <_>
          1 0 8 21 -1.</_>
        <_>
          5 0 4 21 2.</_></rects>
      <tilted>0</tilted></_>
    <_>
      <rects>
        <_>
          1 16 12 2 -1.</_>
        <_>
          1 16 6 1 2.</_>
        <_>
          7 17 6 1 2.</_></rects>
      <tilted>0</tilted></_>
    <_>
      <rects>
        <_>
          2 9 16 4 -1.</_>
        <_>
          2 11 16 2 2.</_></rects>
      <tilted>0</tilted></_>
    <_>
      <rects>
        <_>
          2 11 20 13 -1.</_>
        <_>
          12 11 10 13 2.</_></rects>
      <tilted>0</tilted></_>
    <_>
      <rects>
        <_>
          3 4 21 2 -1.</_>
        <_>
          10 4 7 2 3.</_></rects>
      <tilted>0</tilted></_>
    <_>
      <rects>
        <_>
          3 22 9 1 -1.</_>
        <_>
          6 22 3 1 3.</_></rects>
      <tilted>0</tilted></_>
    <_>
      <rects>
        <_>
          4 6 5 18 -1.</_>
        <_>
          4 12 5 6 3.</_></rects>
      <tilted>0</tilted></_>
    <_>
      <rects>
        <_>
          4 19 18 1 -1.</_>
        <_>
          10 19 6 1 3.</_></rects>
      <tilted>0</tilted></_>
    <_>
      <rects>
        <_>
          6 3 5 12 -1.</_>
        <_>
          6 7 5 4 3.</_></rects>
      <tilted>0</tilted></_>
    <_>
      <rects>
        <_>
          6 4 12 6 -1.</_>
        <_>
          6 7 12 3 2.</_></rects>
      <tilted>0</tilted></_>
    <_>
      <rects>
        <_>
          9 8 2 2 -1.</_>
        <_>
          10 8 1 2 2.</_></rects>
      <tilted>0</tilted></_>
    <_>
      <rects>
        <_>
          9 17 14 7 -1.</_>
        <_>
          16 17 7 7 2.</_></rects>
      <tilted>0</tilted></_>
    <_>
      <rects>
        <_>
          10 9 4 12 -1.</_>
        <_>
          10 15 4 6 2.</_></rects>
      <tilted>0</tilted></_>
    <_>
      <rects>
        <_>
          11 5 6 6 -1.</_>
        <_>
          14 5 3 6 2.</_></rects>
      <tilted>0</tilted></_>
    <_>
      <rects>
        <_>
          12 4 12 2 -1.</_>
        <_>
          18 4 6 2 2.</_></rects>
      <tilted>0</tilted></_>
    <_>
      <rects>
        <_>
          13 10 4 2 -1.</_>
        <_>
          13 10 2 1 2.</_>
        <_>
          15 11 2 1 2.</_></rects>
      <tilted>0</tilted></_>
    <_>
      <rects>
        <_>
          15 8 6 15 -1.</_>
        <_>
          15 13 6 5 3.</_></rects>
      <tilted>0</tilted></_>
    <_>
      <rects>
        <_>
          18 12 6 3 -1.</_>
        <_>
          21 12 3 3 2.</_></rects>
      <tilted>0</tilted></_>
    <_>
      <rects>
        <_>
          20 0 2 10 -1.</_>
        <_>
          20 5 2 5 2.</_></rects>
      <tilted>0</tilted></_>
    <_>
      <rects>
        <_>
          20 0 3 16 -1.</_>
        <_>
          20 8 3 8 2.</_></rects>
      <tilted>0</tilted></_></features></cascade>
</opencv_storage>
