<?xml version="1.0"?>
<opencv_storage>
<stage6>
  <maxWeakCount>2</maxWeakCount>
  <stageThreshold>-5.2844339609146118e-01</stageThreshold>
  <weakClassifiers>
    <_>
      <internalNodes>
        0 -1 123698 -4.8046890646219254e-02</internalNodes>
      <leafValues>
        1. -9.2307692766189575e-01</leafValues></_>
    <_>
      <internalNodes>
        0 -1 24539 4.3164589442312717e-03</internalNodes>
      <leafValues>
        -1. 3.9463353157043457e-01</leafValues></_></weakClassifiers></stage6>
</opencv_storage>
