<?xml version="1.0"?>
<opencv_storage>
<stage5>
  <maxWeakCount>2</maxWeakCount>
  <stageThreshold>-5.9237658977508545e-01</stageThreshold>
  <weakClassifiers>
    <_>
      <internalNodes>
        0 -1 157697 2.5196477770805359e-02</internalNodes>
      <leafValues>
        -9.0476191043853760e-01 1.</leafValues></_>
    <_>
      <internalNodes>
        0 -1 49408 3.0022202990949154e-03</internalNodes>
      <leafValues>
        -1. 3.1238532066345215e-01</leafValues></_></weakClassifiers></stage5>
</opencv_storage>
