<?xml version="1.0"?>
<opencv_storage>
<stage2>
  <maxWeakCount>2</maxWeakCount>
  <stageThreshold>-7.3800164461135864e-01</stageThreshold>
  <weakClassifiers>
    <_>
      <internalNodes>
        0 -1 142110 7.0974700152873993e-02</internalNodes>
      <leafValues>
        -9.5833331346511841e-01 1.4285714924335480e-01</leafValues></_>
    <_>
      <internalNodes>
        0 -1 154474 -1.5773504972457886e-02</internalNodes>
      <leafValues>
        6.6552698612213135e-01 -8.8085883855819702e-01</leafValues></_></weakClassifiers></stage2>
</opencv_storage>
