<?xml version="1.0"?>
<opencv_storage>
<stage9>
  <maxWeakCount>2</maxWeakCount>
  <stageThreshold>-4.6759903430938721e-01</stageThreshold>
  <weakClassifiers>
    <_>
      <internalNodes>
        0 -1 3650 -5.4294534027576447e-02</internalNodes>
      <leafValues>
        1. -8.6915886402130127e-01</leafValues></_>
    <_>
      <internalNodes>
        0 -1 131852 9.5393450465053320e-04</internalNodes>
      <leafValues>
        -1. 4.0155985951423645e-01</leafValues></_></weakClassifiers></stage9>
</opencv_storage>
