<?xml version="1.0"?>
<opencv_storage>
<stage7>
  <maxWeakCount>2</maxWeakCount>
  <stageThreshold>-5.8460384607315063e-01</stageThreshold>
  <weakClassifiers>
    <_>
      <internalNodes>
        0 -1 74346 -6.2996953725814819e-02</internalNodes>
      <leafValues>
        6.6666668653488159e-01 -9.0384614467620850e-01</leafValues></_>
    <_>
      <internalNodes>
        0 -1 103165 1.2414506636559963e-03</internalNodes>
      <leafValues>
        -1. 3.1924232840538025e-01</leafValues></_></weakClassifiers></stage7>
</opencv_storage>
