<?xml version="1.0"?>
<opencv_storage>
<stage8>
  <maxWeakCount>2</maxWeakCount>
  <stageThreshold>-4.8260241746902466e-01</stageThreshold>
  <weakClassifiers>
    <_>
      <internalNodes>
        0 -1 157750 8.5522845387458801e-02</internalNodes>
      <leafValues>
        -8.8679248094558716e-01 1.</leafValues></_>
    <_>
      <internalNodes>
        0 -1 60033 2.9813665896654129e-03</internalNodes>
      <leafValues>
        4.0419003367424011e-01 -1.</leafValues></_></weakClassifiers></stage8>
</opencv_storage>
