<?xml version="1.0"?>
<opencv_storage>
<stage0>
  <maxWeakCount>2</maxWeakCount>
  <stageThreshold>-2.5391396880149841e-01</stageThreshold>
  <weakClassifiers>
    <_>
      <internalNodes>
        0 -1 41886 4.2347572743892670e-02</internalNodes>
      <leafValues>
        -9.6039605140686035e-01 7.7777779102325439e-01</leafValues></_>
    <_>
      <internalNodes>
        0 -1 33731 2.7323972433805466e-02</internalNodes>
      <leafValues>
        -1. 7.0648205280303955e-01</leafValues></_></weakClassifiers></stage0>
</opencv_storage>
