<?xml version="1.0"?>
<opencv_storage>
<stage1>
  <maxWeakCount>2</maxWeakCount>
  <stageThreshold>-4.7755157947540283e-01</stageThreshold>
  <weakClassifiers>
    <_>
      <internalNodes>
        0 -1 117142 -2.4586198851466179e-02</internalNodes>
      <leafValues>
        5.5555558204650879e-01 -9.4059407711029053e-01</leafValues></_>
    <_>
      <internalNodes>
        0 -1 111599 -2.3471206426620483e-02</internalNodes>
      <leafValues>
        4.6304246783256531e-01 -1.</leafValues></_></weakClassifiers></stage1>
</opencv_storage>
