<?xml version="1.0"?>
<opencv_storage>
<cascade>
  <stageType>BOOST</stageType>
  <featureType>HAAR</featureType>
  <height>24</height>
  <width>24</width>
  <stageParams>
    <boostType>GAB</boostType>
    <minHitRate>9.9500000476837158e-01</minHitRate>
    <maxFalseAlarm>5.0000000000000000e-01</maxFalseAlarm>
    <weightTrimRate>9.4999999999999996e-01</weightTrimRate>
    <maxDepth>1</maxDepth>
    <maxWeakCount>100</maxWeakCount></stageParams>
  <featureParams>
    <maxCatCount>0</maxCatCount>
    <featSize>1</featSize>
    <mode>BASIC</mode></featureParams>
  <stageNum>17</stageNum>
  <stages>
    <!-- stage 0 -->
    <_>
      <maxWeakCount>4</maxWeakCount>
      <stageThreshold>-2.3420085906982422e+00</stageThreshold>
      <weakClassifiers>
        <_>
          <internalNodes>
            0 -1 38 -9.9896796047687531e-02</internalNodes>
          <leafValues>
            2.4427480995655060e-01 -9.6181631088256836e-01</leafValues></_>
        <_>
          <internalNodes>
            0 -1 63 3.2870203256607056e-02</internalNodes>
          <leafValues>
            -8.9982926845550537e-01 3.9578682184219360e-01</leafValues></_>
        <_>
          <internalNodes>
            0 -1 31 3.9561174809932709e-02</internalNodes>
          <leafValues>
            -9.3954890966415405e-01 3.0812573432922363e-01</leafValues></_>
        <_>
          <internalNodes>
            0 -1 104 1.6767241060733795e-02</internalNodes>
          <leafValues>
            -7.1339952945709229e-01 4.5918595790863037e-01</leafValues></_></weakClassifiers></_>
    <!-- stage 1 -->
    <_>
      <maxWeakCount>3</maxWeakCount>
      <stageThreshold>-1.8972342014312744e+00</stageThreshold>
      <weakClassifiers>
        <_>
          <internalNodes>
            0 -1 30 -9.8700128495693207e-02</internalNodes>
          <leafValues>
            -7.8590787947177887e-02 -9.6723103523254395e-01</leafValues></_>
        <_>
          <internalNodes>
            0 -1 68 9.7447894513607025e-03</internalNodes>
          <leafValues>
            -8.8543659448623657e-01 2.6930227875709534e-01</leafValues></_>
        <_>
          <internalNodes>
            0 -1 41 5.5670913308858871e-02</internalNodes>
          <leafValues>
            -9.3320679664611816e-01 2.8104642033576965e-01</leafValues></_></weakClassifiers></_>
    <!-- stage 2 -->
    <_>
      <maxWeakCount>5</maxWeakCount>
      <stageThreshold>-1.9576245546340942e+00</stageThreshold>
      <weakClassifiers>
        <_>
          <internalNodes>
            0 -1 5 1.2590399384498596e-01</internalNodes>
          <leafValues>
            -9.2148762941360474e-01 -6.0606062412261963e-02</leafValues></_>
        <_>
          <internalNodes>
            0 -1 45 -5.3230941295623779e-02</internalNodes>
          <leafValues>
            2.4838541448116302e-01 -8.3105361461639404e-01</leafValues></_>
        <_>
          <internalNodes>
            0 -1 47 3.0949732288718224e-02</internalNodes>
          <leafValues>
            -7.8381752967834473e-01 4.0303936600685120e-01</leafValues></_>
        <_>
          <internalNodes>
            0 -1 37 -1.1853482574224472e-02</internalNodes>
          <leafValues>
            3.2495751976966858e-01 -9.6768677234649658e-01</leafValues></_>
        <_>
          <internalNodes>
            0 -1 17 1.1866088956594467e-02</internalNodes>
          <leafValues>
            -9.3308013677597046e-01 2.9865539073944092e-01</leafValues></_></weakClassifiers></_>
    <!-- stage 3 -->
    <_>
      <maxWeakCount>5</maxWeakCount>
      <stageThreshold>-2.1264271736145020e+00</stageThreshold>
      <weakClassifiers>
        <_>
          <internalNodes>
            0 -1 16 -2.6065882295370102e-02</internalNodes>
          <leafValues>
            -2.0110192894935608e-01 -9.4011974334716797e-01</leafValues></_>
        <_>
          <internalNodes>
            0 -1 105 8.9645795524120331e-03</internalNodes>
          <leafValues>
            -8.9155125617980957e-01 1.3302651047706604e-01</leafValues></_>
        <_>
          <internalNodes>
            0 -1 52 1.7144976183772087e-02</internalNodes>
          <leafValues>
            -8.8141244649887085e-01 2.5231605768203735e-01</leafValues></_>
        <_>
          <internalNodes>
            0 -1 39 -3.0356507748365402e-02</internalNodes>
          <leafValues>
            3.7935724854469299e-01 -7.9337835311889648e-01</leafValues></_>
        <_>
          <internalNodes>
            0 -1 71 7.2943000122904778e-04</internalNodes>
          <leafValues>
            -4.9271166324615479e-01 5.9961253404617310e-01</leafValues></_></weakClassifiers></_>
    <!-- stage 4 -->
    <_>
      <maxWeakCount>7</maxWeakCount>
      <stageThreshold>-1.8339511156082153e+00</stageThreshold>
      <weakClassifiers>
        <_>
          <internalNodes>
            0 -1 6 1.1899511516094208e-01</internalNodes>
          <leafValues>
            -8.8126522302627563e-01 7.5862072408199310e-02</leafValues></_>
        <_>
          <internalNodes>
            0 -1 46 -4.9791082739830017e-02</internalNodes>
          <leafValues>
            1.6483663022518158e-01 -7.9493701457977295e-01</leafValues></_>
        <_>
          <internalNodes>
            0 -1 69 1.7753888387233019e-03</internalNodes>
          <leafValues>
            -7.0895260572433472e-01 3.9858639240264893e-01</leafValues></_>
        <_>
          <internalNodes>
            0 -1 100 2.5261120870709419e-02</internalNodes>
          <leafValues>
            -7.1574389934539795e-01 3.2826173305511475e-01</leafValues></_>
        <_>
          <internalNodes>
            0 -1 90 -5.8636339381337166e-03</internalNodes>
          <leafValues>
            3.4994527697563171e-01 -7.0782053470611572e-01</leafValues></_>
        <_>
          <internalNodes>
            0 -1 107 -2.4785954505205154e-02</internalNodes>
          <leafValues>
            7.1060854196548462e-01 -3.7020203471183777e-01</leafValues></_>
        <_>
          <internalNodes>
            0 -1 22 1.7697839066386223e-02</internalNodes>
          <leafValues>
            -8.7539935111999512e-01 3.4119093418121338e-01</leafValues></_></weakClassifiers></_>
    <!-- stage 5 -->
    <_>
      <maxWeakCount>5</maxWeakCount>
      <stageThreshold>-1.7608002424240112e+00</stageThreshold>
      <weakClassifiers>
        <_>
          <internalNodes>
            0 -1 78 -7.1313115768134594e-03</internalNodes>
          <leafValues>
            -2.1897810697555542e-01 -9.0342676639556885e-01</leafValues></_>
        <_>
          <internalNodes>
            0 -1 7 7.7676132321357727e-02</internalNodes>
          <leafValues>
            -6.4276522397994995e-01 2.8823807835578918e-01</leafValues></_>
        <_>
          <internalNodes>
            0 -1 82 -5.1836641505360603e-03</internalNodes>
          <leafValues>
            3.3521279692649841e-01 -6.4681446552276611e-01</leafValues></_>
        <_>
          <internalNodes>
            0 -1 56 2.4745226837694645e-03</internalNodes>
          <leafValues>
            -8.4402972459793091e-01 2.8440853953361511e-01</leafValues></_>
        <_>
          <internalNodes>
            0 -1 64 -4.1201645508408546e-03</internalNodes>
          <leafValues>
            2.9420870542526245e-01 -7.6409840583801270e-01</leafValues></_></weakClassifiers></_>
    <!-- stage 6 -->
    <_>
      <maxWeakCount>7</maxWeakCount>
      <stageThreshold>-2.1408271789550781e+00</stageThreshold>
      <weakClassifiers>
        <_>
          <internalNodes>
            0 -1 108 -4.8513844609260559e-02</internalNodes>
          <leafValues>
            -1.0052909702062607e-01 -8.8562905788421631e-01</leafValues></_>
        <_>
          <internalNodes>
            0 -1 79 -8.1005599349737167e-03</internalNodes>
          <leafValues>
            4.2835637927055359e-01 -6.2429487705230713e-01</leafValues></_>
        <_>
          <internalNodes>
            0 -1 23 -2.3506622761487961e-02</internalNodes>
          <leafValues>
            3.5910585522651672e-01 -5.4197812080383301e-01</leafValues></_>
        <_>
          <internalNodes>
            0 -1 109 1.5396093018352985e-02</internalNodes>
          <leafValues>
            -7.2278428077697754e-01 2.7723899483680725e-01</leafValues></_>
        <_>
          <internalNodes>
            0 -1 48 7.9215476289391518e-03</internalNodes>
          <leafValues>
            -6.1618655920028687e-01 3.2120358943939209e-01</leafValues></_>
        <_>
          <internalNodes>
            0 -1 101 1.0122058447450399e-03</internalNodes>
          <leafValues>
            -7.4619185924530029e-01 1.9540634751319885e-01</leafValues></_>
        <_>
          <internalNodes>
            0 -1 84 -1.2875786051154137e-03</internalNodes>
          <leafValues>
            -9.0290945768356323e-01 2.1111433207988739e-01</leafValues></_></weakClassifiers></_>
    <!-- stage 7 -->
    <_>
      <maxWeakCount>7</maxWeakCount>
      <stageThreshold>-2.0956981182098389e+00</stageThreshold>
      <weakClassifiers>
        <_>
          <internalNodes>
            0 -1 117 -8.5236623883247375e-02</internalNodes>
          <leafValues>
            4.2857144027948380e-02 -8.7669903039932251e-01</leafValues></_>
        <_>
          <internalNodes>
            0 -1 106 2.5972137227654457e-02</internalNodes>
          <leafValues>
            -6.5646833181381226e-01 1.2522344291210175e-01</leafValues></_>
        <_>
          <internalNodes>
            0 -1 19 7.5938720256090164e-03</internalNodes>
          <leafValues>
            -8.3692890405654907e-01 1.3086962699890137e-01</leafValues></_>
        <_>
          <internalNodes>
            0 -1 93 3.7708159070461988e-03</internalNodes>
          <leafValues>
            1.7234016954898834e-01 -8.8166981935501099e-01</leafValues></_>
        <_>
          <internalNodes>
            0 -1 103 -1.8096241401508451e-03</internalNodes>
          <leafValues>
            -7.7685439586639404e-01 1.7669907212257385e-01</leafValues></_>
        <_>
          <internalNodes>
            0 -1 9 -5.1057916134595871e-03</internalNodes>
          <leafValues>
            -7.7694821357727051e-01 2.1928589046001434e-01</leafValues></_>
        <_>
          <internalNodes>
            0 -1 6 1.1911879479885101e-01</internalNodes>
          <leafValues>
            -2.6549136638641357e-01 7.0217442512512207e-01</leafValues></_></weakClassifiers></_>
    <!-- stage 8 -->
    <_>
      <maxWeakCount>9</maxWeakCount>
      <stageThreshold>-2.3466889858245850e+00</stageThreshold>
      <weakClassifiers>
        <_>
          <internalNodes>
            0 -1 2 -8.0494552850723267e-02</internalNodes>
          <leafValues>
            7.9487180709838867e-01 -8.4729290008544922e-01</leafValues></_>
        <_>
          <internalNodes>
            0 -1 111 -8.6261577904224396e-02</internalNodes>
          <leafValues>
            5.5909818410873413e-01 -5.4240167140960693e-01</leafValues></_>
        <_>
          <internalNodes>
            0 -1 91 -3.0354341492056847e-02</internalNodes>
          <leafValues>
            2.4137806892395020e-01 -6.8081533908843994e-01</leafValues></_>
        <_>
          <internalNodes>
            0 -1 20 -8.2515114918351173e-03</internalNodes>
          <leafValues>
            1.8151810765266418e-01 -7.7451771497726440e-01</leafValues></_>
        <_>
          <internalNodes>
            0 -1 65 1.2890379875898361e-02</internalNodes>
          <leafValues>
            -5.5346339941024780e-01 3.0917143821716309e-01</leafValues></_>
        <_>
          <internalNodes>
            0 -1 4 7.1330808103084564e-02</internalNodes>
          <leafValues>
            -3.8261443376541138e-01 4.6665769815444946e-01</leafValues></_>
        <_>
          <internalNodes>
            0 -1 55 -2.5376542471349239e-03</internalNodes>
          <leafValues>
            -9.9181920289993286e-01 1.5783774852752686e-01</leafValues></_>
        <_>
          <internalNodes>
            0 -1 32 -1.5873534604907036e-02</internalNodes>
          <leafValues>
            -8.5856485366821289e-01 1.4577737450599670e-01</leafValues></_>
        <_>
          <internalNodes>
            0 -1 83 -3.4399174619466066e-03</internalNodes>
          <leafValues>
            -7.4742782115936279e-01 1.8380849063396454e-01</leafValues></_></weakClassifiers></_>
    <!-- stage 9 -->
    <_>
      <maxWeakCount>8</maxWeakCount>
      <stageThreshold>-1.9692227840423584e+00</stageThreshold>
      <weakClassifiers>
        <_>
          <internalNodes>
            0 -1 1 -6.5000399947166443e-02</internalNodes>
          <leafValues>
            4.5098039507865906e-01 -8.4830152988433838e-01</leafValues></_>
        <_>
          <internalNodes>
            0 -1 116 -6.1171110719442368e-02</internalNodes>
          <leafValues>
            4.5236530900001526e-01 -5.3756612539291382e-01</leafValues></_>
        <_>
          <internalNodes>
            0 -1 29 -6.0979812406003475e-03</internalNodes>
          <leafValues>
            2.4294565618038177e-01 -6.5201312303543091e-01</leafValues></_>
        <_>
          <internalNodes>
            0 -1 18 -1.7115834634751081e-04</internalNodes>
          <leafValues>
            -8.9897584915161133e-01 1.4111810922622681e-01</leafValues></_>
        <_>
          <internalNodes>
            0 -1 76 3.9866203442215919e-03</internalNodes>
          <leafValues>
            -6.8606185913085938e-01 2.0602793991565704e-01</leafValues></_>
        <_>
          <internalNodes>
            0 -1 10 -2.5223442353308201e-03</internalNodes>
          <leafValues>
            2.7055078744888306e-01 -6.3106715679168701e-01</leafValues></_>
        <_>
          <internalNodes>
            0 -1 26 1.0597037151455879e-02</internalNodes>
          <leafValues>
            2.0085453987121582e-01 -6.9234734773635864e-01</leafValues></_>
        <_>
          <internalNodes>
            0 -1 27 4.1766682988964021e-04</internalNodes>
          <leafValues>
            -7.4323415756225586e-01 1.8682953715324402e-01</leafValues></_></weakClassifiers></_>
    <!-- stage 10 -->
    <_>
      <maxWeakCount>7</maxWeakCount>
      <stageThreshold>-1.7850246429443359e+00</stageThreshold>
      <weakClassifiers>
        <_>
          <internalNodes>
            0 -1 73 -1.0308549739420414e-02</internalNodes>
          <leafValues>
            -3.0131003260612488e-01 -8.7823438644409180e-01</leafValues></_>
        <_>
          <internalNodes>
            0 -1 95 3.1394559890031815e-02</internalNodes>
          <leafValues>
            -6.8704396486282349e-01 2.8795434627681971e-04</leafValues></_>
        <_>
          <internalNodes>
            0 -1 44 4.8933047801256180e-03</internalNodes>
          <leafValues>
            1.2504425644874573e-01 -8.7349909543991089e-01</leafValues></_>
        <_>
          <internalNodes>
            0 -1 86 -4.9127975944429636e-04</internalNodes>
          <leafValues>
            -8.0860191583633423e-01 1.7834694683551788e-01</leafValues></_>
        <_>
          <internalNodes>
            0 -1 67 9.5633789896965027e-03</internalNodes>
          <leafValues>
            -7.2312164306640625e-01 1.5681578218936920e-01</leafValues></_>
        <_>
          <internalNodes>
            0 -1 36 5.2238002419471741e-02</internalNodes>
          <leafValues>
            1.5612852573394775e-01 -8.6679828166961670e-01</leafValues></_>
        <_>
          <internalNodes>
            0 -1 74 3.2776777516119182e-05</internalNodes>
          <leafValues>
            -6.4347630739212036e-01 1.8921998143196106e-01</leafValues></_></weakClassifiers></_>
    <!-- stage 11 -->
    <_>
      <maxWeakCount>8</maxWeakCount>
      <stageThreshold>-1.7596498727798462e+00</stageThreshold>
      <weakClassifiers>
        <_>
          <internalNodes>
            0 -1 34 9.3268170952796936e-02</internalNodes>
          <leafValues>
            -8.6213594675064087e-01 -1.7142857611179352e-01</leafValues></_>
        <_>
          <internalNodes>
            0 -1 78 -7.8014591708779335e-03</internalNodes>
          <leafValues>
            2.6355770230293274e-01 -5.7787817716598511e-01</leafValues></_>
        <_>
          <internalNodes>
            0 -1 75 1.1110110208392143e-03</internalNodes>
          <leafValues>
            -5.7891011238098145e-01 2.5311258435249329e-01</leafValues></_>
        <_>
          <internalNodes>
            0 -1 97 3.0819054692983627e-02</internalNodes>
          <leafValues>
            -4.1387993097305298e-01 3.6242285370826721e-01</leafValues></_>
        <_>
          <internalNodes>
            0 -1 61 1.9881194457411766e-03</internalNodes>
          <leafValues>
            1.4938649535179138e-01 -9.3499195575714111e-01</leafValues></_>
        <_>
          <internalNodes>
            0 -1 60 -1.2790870387107134e-03</internalNodes>
          <leafValues>
            -6.9085043668746948e-01 1.9482536613941193e-01</leafValues></_>
        <_>
          <internalNodes>
            0 -1 25 1.7023603431880474e-03</internalNodes>
          <leafValues>
            1.8763445317745209e-01 -7.0900058746337891e-01</leafValues></_>
        <_>
          <internalNodes>
            0 -1 51 -1.2851338833570480e-03</internalNodes>
          <leafValues>
            2.6164022088050842e-01 -5.3365987539291382e-01</leafValues></_></weakClassifiers></_>
    <!-- stage 12 -->
    <_>
      <maxWeakCount>7</maxWeakCount>
      <stageThreshold>-1.7683361768722534e+00</stageThreshold>
      <weakClassifiers>
        <_>
          <internalNodes>
            0 -1 11 -1.4499525725841522e-01</internalNodes>
          <leafValues>
            3.4782609343528748e-01 -8.4308266639709473e-01</leafValues></_>
        <_>
          <internalNodes>
            0 -1 13 5.0760760903358459e-02</internalNodes>
          <leafValues>
            -5.7112848758697510e-01 2.4351894855499268e-01</leafValues></_>
        <_>
          <internalNodes>
            0 -1 77 -2.8149290010333061e-03</internalNodes>
          <leafValues>
            3.5380664467811584e-01 -4.4056025147438049e-01</leafValues></_>
        <_>
          <internalNodes>
            0 -1 113 5.0975642807316035e-05</internalNodes>
          <leafValues>
            -7.6543849706649780e-01 1.7332479357719421e-01</leafValues></_>
        <_>
          <internalNodes>
            0 -1 21 1.8794178962707520e-02</internalNodes>
          <leafValues>
            -3.6851915717124939e-01 3.5569316148757935e-01</leafValues></_>
        <_>
          <internalNodes>
            0 -1 24 -7.4208131991326809e-04</internalNodes>
          <leafValues>
            -8.8797187805175781e-01 1.6664488613605499e-01</leafValues></_>
        <_>
          <internalNodes>
            0 -1 94 -2.9942234978079796e-03</internalNodes>
          <leafValues>
            -9.2250394821166992e-01 1.1498473584651947e-01</leafValues></_></weakClassifiers></_>
    <!-- stage 13 -->
    <_>
      <maxWeakCount>11</maxWeakCount>
      <stageThreshold>-2.0904085636138916e+00</stageThreshold>
      <weakClassifiers>
        <_>
          <internalNodes>
            0 -1 14 -2.4955548346042633e-02</internalNodes>
          <leafValues>
            3.8461539149284363e-01 -8.3988893032073975e-01</leafValues></_>
        <_>
          <internalNodes>
            0 -1 80 5.9555983170866966e-03</internalNodes>
          <leafValues>
            -5.2555751800537109e-01 3.4986433386802673e-01</leafValues></_>
        <_>
          <internalNodes>
            0 -1 57 5.2975667640566826e-03</internalNodes>
          <leafValues>
            -6.7957371473312378e-01 2.0153558254241943e-01</leafValues></_>
        <_>
          <internalNodes>
            0 -1 49 3.1706227455288172e-03</internalNodes>
          <leafValues>
            -7.4044495820999146e-01 1.6005086898803711e-01</leafValues></_>
        <_>
          <internalNodes>
            0 -1 110 9.0033852029591799e-04</internalNodes>
          <leafValues>
            1.5400962531566620e-01 -7.5364309549331665e-01</leafValues></_>
        <_>
          <internalNodes>
            0 -1 43 5.3824699716642499e-04</internalNodes>
          <leafValues>
            -4.1080564260482788e-01 3.2319512963294983e-01</leafValues></_>
        <_>
          <internalNodes>
            0 -1 35 -1.2798438547179103e-03</internalNodes>
          <leafValues>
            2.9863449931144714e-01 -4.4257512688636780e-01</leafValues></_>
        <_>
          <internalNodes>
            0 -1 98 2.6986640878021717e-03</internalNodes>
          <leafValues>
            1.2694002687931061e-01 -9.4010263681411743e-01</leafValues></_>
        <_>
          <internalNodes>
            0 -1 53 3.2768410164862871e-05</internalNodes>
          <leafValues>
            -5.8004701137542725e-01 1.9885203242301941e-01</leafValues></_>
        <_>
          <internalNodes>
            0 -1 119 1.2093845289200544e-03</internalNodes>
          <leafValues>
            1.6288878023624420e-01 -7.1698868274688721e-01</leafValues></_>
        <_>
          <internalNodes>
            0 -1 54 1.1888924054801464e-03</internalNodes>
          <leafValues>
            1.6453720629215240e-01 -6.9920265674591064e-01</leafValues></_></weakClassifiers></_>
    <!-- stage 14 -->
    <_>
      <maxWeakCount>8</maxWeakCount>
      <stageThreshold>-1.8773077726364136e+00</stageThreshold>
      <weakClassifiers>
        <_>
          <internalNodes>
            0 -1 0 -1.6655242070555687e-02</internalNodes>
          <leafValues>
            2.6530611515045166e-01 -8.4286379814147949e-01</leafValues></_>
        <_>
          <internalNodes>
            0 -1 72 -6.2495172023773193e-03</internalNodes>
          <leafValues>
            2.0779624581336975e-01 -5.4865008592605591e-01</leafValues></_>
        <_>
          <internalNodes>
            0 -1 62 6.5569923026487231e-04</internalNodes>
          <leafValues>
            -6.1077177524566650e-01 1.7987887561321259e-01</leafValues></_>
        <_>
          <internalNodes>
            0 -1 115 -1.7518876120448112e-04</internalNodes>
          <leafValues>
            2.1236202120780945e-01 -5.4620897769927979e-01</leafValues></_>
        <_>
          <internalNodes>
            0 -1 114 2.8457841835916042e-03</internalNodes>
          <leafValues>
            1.6100285947322845e-01 -8.9259243011474609e-01</leafValues></_>
        <_>
          <internalNodes>
            0 -1 42 6.1104900669306517e-04</internalNodes>
          <leafValues>
            1.2328132241964340e-01 -7.8399181365966797e-01</leafValues></_>
        <_>
          <internalNodes>
            0 -1 50 -1.1182329617440701e-03</internalNodes>
          <leafValues>
            2.7518469095230103e-01 -4.3443605303764343e-01</leafValues></_>
        <_>
          <internalNodes>
            0 -1 92 -1.4291193801909685e-03</internalNodes>
          <leafValues>
            2.1359454095363617e-01 -5.8126938343048096e-01</leafValues></_></weakClassifiers></_>
    <!-- stage 15 -->
    <_>
      <maxWeakCount>10</maxWeakCount>
      <stageThreshold>-1.9642001390457153e+00</stageThreshold>
      <weakClassifiers>
        <_>
          <internalNodes>
            0 -1 88 -7.5179492123425007e-03</internalNodes>
          <leafValues>
            -4.1549295186996460e-01 -8.7787055969238281e-01</leafValues></_>
        <_>
          <internalNodes>
            0 -1 118 -4.0307231247425079e-03</internalNodes>
          <leafValues>
            1.1928788572549820e-01 -5.5641299486160278e-01</leafValues></_>
        <_>
          <internalNodes>
            0 -1 112 -8.0335196107625961e-03</internalNodes>
          <leafValues>
            -7.2275054454803467e-01 1.1564217507839203e-01</leafValues></_>
        <_>
          <internalNodes>
            0 -1 99 4.8091087955981493e-04</internalNodes>
          <leafValues>
            -6.7107629776000977e-01 1.5458467602729797e-01</leafValues></_>
        <_>
          <internalNodes>
            0 -1 40 3.5198353230953217e-02</internalNodes>
          <leafValues>
            1.6267728805541992e-01 -8.5832071304321289e-01</leafValues></_>
        <_>
          <internalNodes>
            0 -1 58 2.4266559630632401e-03</internalNodes>
          <leafValues>
            1.4467459917068481e-01 -7.5556552410125732e-01</leafValues></_>
        <_>
          <internalNodes>
            0 -1 28 -1.9887853413820267e-03</internalNodes>
          <leafValues>
            -7.7862858772277832e-01 1.4206692576408386e-01</leafValues></_>
        <_>
          <internalNodes>
            0 -1 102 -3.5828374326229095e-02</internalNodes>
          <leafValues>
            -7.0380526781082153e-01 1.2128977477550507e-01</leafValues></_>
        <_>
          <internalNodes>
            0 -1 87 1.3557707461586688e-05</internalNodes>
          <leafValues>
            -5.0162369012832642e-01 2.1343788504600525e-01</leafValues></_>
        <_>
          <internalNodes>
            0 -1 120 -2.5027947500348091e-02</internalNodes>
          <leafValues>
            -7.3939228057861328e-01 1.4161117374897003e-01</leafValues></_></weakClassifiers></_>
    <!-- stage 16 -->
    <_>
      <maxWeakCount>13</maxWeakCount>
      <stageThreshold>-2.2332112789154053e+00</stageThreshold>
      <weakClassifiers>
        <_>
          <internalNodes>
            0 -1 15 -1.9916601479053497e-02</internalNodes>
          <leafValues>
            -5.4054055362939835e-02 -8.4477895498275757e-01</leafValues></_>
        <_>
          <internalNodes>
            0 -1 89 2.8042374178767204e-03</internalNodes>
          <leafValues>
            -5.6763577461242676e-01 8.9415870606899261e-02</leafValues></_>
        <_>
          <internalNodes>
            0 -1 33 1.8531301990151405e-02</internalNodes>
          <leafValues>
            1.0563629120588303e-01 -7.5681561231613159e-01</leafValues></_>
        <_>
          <internalNodes>
            0 -1 66 -5.2398163825273514e-04</internalNodes>
          <leafValues>
            1.9037038087844849e-01 -6.3814598321914673e-01</leafValues></_>
        <_>
          <internalNodes>
            0 -1 70 1.1479055974632502e-03</internalNodes>
          <leafValues>
            -3.7696275115013123e-01 2.7267825603485107e-01</leafValues></_>
        <_>
          <internalNodes>
            0 -1 59 4.4747864012606442e-04</internalNodes>
          <leafValues>
            1.6159409284591675e-01 -8.0586481094360352e-01</leafValues></_>
        <_>
          <internalNodes>
            0 -1 85 6.3481484539806843e-03</internalNodes>
          <leafValues>
            -4.7298976778984070e-01 2.4911199510097504e-01</leafValues></_>
        <_>
          <internalNodes>
            0 -1 96 1.3588836009148508e-04</internalNodes>
          <leafValues>
            -4.9126905202865601e-01 2.3446108400821686e-01</leafValues></_>
        <_>
          <internalNodes>
            0 -1 3 7.9558668658137321e-03</internalNodes>
          <leafValues>
            1.4213605225086212e-01 -6.7247718572616577e-01</leafValues></_>
        <_>
          <internalNodes>
            0 -1 8 -2.0801962818950415e-03</internalNodes>
          <leafValues>
            1.2426321208477020e-01 -8.5762137174606323e-01</leafValues></_>
        <_>
          <internalNodes>
            0 -1 81 -8.9099770411849022e-03</internalNodes>
          <leafValues>
            4.3393990397453308e-01 -2.8422605991363525e-01</leafValues></_>
        <_>
          <internalNodes>
            0 -1 12 2.5841664522886276e-02</internalNodes>
          <leafValues>
            1.7765417695045471e-01 -6.7052549123764038e-01</leafValues></_>
        <_>
          <internalNodes>
            0 -1 121 6.8255123915150762e-04</internalNodes>
          <leafValues>
            1.6579651832580566e-01 -6.1849802732467651e-01</leafValues></_></weakClassifiers></_></stages>
  <features>
    <_>
      <rects>
        <_>
          0 0 4 2 -1.</_>
        <_>
          2 0 2 2 2.</_></rects>
      <tilted>0</tilted></_>
    <_>
      <rects>
        <_>
          0 0 4 13 -1.</_>
        <_>
          2 0 2 13 2.</_></rects>
      <tilted>0</tilted></_>
    <_>
      <rects>
        <_>
          0 0 4 17 -1.</_>
        <_>
          2 0 2 17 2.</_></rects>
      <tilted>0</tilted></_>
    <_>
      <rects>
        <_>
          0 0 3 9 -1.</_>
        <_>
          0 3 3 3 3.</_></rects>
      <tilted>0</tilted></_>
    <_>
      <rects>
        <_>
          0 0 8 24 -1.</_>
        <_>
          4 0 4 24 2.</_></rects>
      <tilted>0</tilted></_>
    <_>
      <rects>
        <_>
          0 1 24 5 -1.</_>
        <_>
          8 1 8 5 3.</_></rects>
      <tilted>0</tilted></_>
    <_>
      <rects>
        <_>
          0 3 8 20 -1.</_>
        <_>
          4 3 4 20 2.</_></rects>
      <tilted>0</tilted></_>
    <_>
      <rects>
        <_>
          0 3 8 21 -1.</_>
        <_>
          4 3 4 21 2.</_></rects>
      <tilted>0</tilted></_>
    <_>
      <rects>
        <_>
          0 4 8 9 -1.</_>
        <_>
          0 7 8 3 3.</_></rects>
      <tilted>0</tilted></_>
    <_>
      <rects>
        <_>
          0 5 4 4 -1.</_>
        <_>
          0 7 4 2 2.</_></rects>
      <tilted>0</tilted></_>
    <_>
      <rects>
        <_>
          0 6 7 6 -1.</_>
        <_>
          0 8 7 2 3.</_></rects>
      <tilted>0</tilted></_>
    <_>
      <rects>
        <_>
          0 8 8 14 -1.</_>
        <_>
          4 8 4 14 2.</_></rects>
      <tilted>0</tilted></_>
    <_>
      <rects>
        <_>
          0 9 5 9 -1.</_>
        <_>
          0 12 5 3 3.</_></rects>
      <tilted>0</tilted></_>
    <_>
      <rects>
        <_>
          0 21 24 2 -1.</_>
        <_>
          8 21 8 2 3.</_></rects>
      <tilted>0</tilted></_>
    <_>
      <rects>
        <_>
          1 1 2 9 -1.</_>
        <_>
          2 1 1 9 2.</_></rects>
      <tilted>0</tilted></_>
    <_>
      <rects>
        <_>
          1 2 3 9 -1.</_>
        <_>
          2 2 1 9 3.</_></rects>
      <tilted>0</tilted></_>
    <_>
      <rects>
        <_>
          1 4 10 6 -1.</_>
        <_>
          1 4 5 3 2.</_>
        <_>
          6 7 5 3 2.</_></rects>
      <tilted>0</tilted></_>
    <_>
      <rects>
        <_>
          1 9 16 6 -1.</_>
        <_>
          1 11 16 2 3.</_></rects>
      <tilted>0</tilted></_>
    <_>
      <rects>
        <_>
          1 9 18 12 -1.</_>
        <_>
          1 13 18 4 3.</_></rects>
      <tilted>0</tilted></_>
    <_>
      <rects>
        <_>
          1 10 18 4 -1.</_>
        <_>
          1 12 18 2 2.</_></rects>
      <tilted>0</tilted></_>
    <_>
      <rects>
        <_>
          1 12 23 4 -1.</_>
        <_>
          1 14 23 2 2.</_></rects>
      <tilted>0</tilted></_>
    <_>
      <rects>
        <_>
          2 0 10 3 -1.</_>
        <_>
          7 0 5 3 2.</_></rects>
      <tilted>0</tilted></_>
    <_>
      <rects>
        <_>
          2 0 13 9 -1.</_>
        <_>
          2 3 13 3 3.</_></rects>
      <tilted>0</tilted></_>
    <_>
      <rects>
        <_>
          2 1 8 12 -1.</_>
        <_>
          2 1 4 6 2.</_>
        <_>
          6 7 4 6 2.</_></rects>
      <tilted>0</tilted></_>
    <_>
      <rects>
        <_>
          2 2 1 3 -1.</_>
        <_>
          2 3 1 1 3.</_></rects>
      <tilted>0</tilted></_>
    <_>
      <rects>
        <_>
          2 2 6 3 -1.</_>
        <_>
          2 3 6 1 3.</_></rects>
      <tilted>0</tilted></_>
    <_>
      <rects>
        <_>
          2 9 2 9 -1.</_>
        <_>
          2 12 2 3 3.</_></rects>
      <tilted>0</tilted></_>
    <_>
      <rects>
        <_>
          2 11 9 3 -1.</_>
        <_>
          2 12 9 1 3.</_></rects>
      <tilted>0</tilted></_>
    <_>
      <rects>
        <_>
          2 13 5 3 -1.</_>
        <_>
          2 14 5 1 3.</_></rects>
      <tilted>0</tilted></_>
    <_>
      <rects>
        <_>
          3 3 6 6 -1.</_>
        <_>
          3 3 3 3 2.</_>
        <_>
          6 6 3 3 2.</_></rects>
      <tilted>0</tilted></_>
    <_>
      <rects>
        <_>
          3 4 16 9 -1.</_>
        <_>
          3 7 16 3 3.</_></rects>
      <tilted>0</tilted></_>
    <_>
      <rects>
        <_>
          3 8 17 9 -1.</_>
        <_>
          3 11 17 3 3.</_></rects>
      <tilted>0</tilted></_>
    <_>
      <rects>
        <_>
          3 12 20 6 -1.</_>
        <_>
          3 12 10 3 2.</_>
        <_>
          13 15 10 3 2.</_></rects>
      <tilted>0</tilted></_>
    <_>
      <rects>
        <_>
          3 13 18 6 -1.</_>
        <_>
          3 13 9 3 2.</_>
        <_>
          12 16 9 3 2.</_></rects>
      <tilted>0</tilted></_>
    <_>
      <rects>
        <_>
          3 21 21 3 -1.</_>
        <_>
          10 21 7 3 3.</_></rects>
      <tilted>0</tilted></_>
    <_>
      <rects>
        <_>
          4 3 2 10 -1.</_>
        <_>
          4 3 1 5 2.</_>
        <_>
          5 8 1 5 2.</_></rects>
      <tilted>0</tilted></_>
    <_>
      <rects>
        <_>
          4 6 16 14 -1.</_>
        <_>
          4 6 8 7 2.</_>
        <_>
          12 13 8 7 2.</_></rects>
      <tilted>0</tilted></_>
    <_>
      <rects>
        <_>
          4 12 15 8 -1.</_>
        <_>
          4 16 15 4 2.</_></rects>
      <tilted>0</tilted></_>
    <_>
      <rects>
        <_>
          5 4 14 9 -1.</_>
        <_>
          5 7 14 3 3.</_></rects>
      <tilted>0</tilted></_>
    <_>
      <rects>
        <_>
          5 6 18 6 -1.</_>
        <_>
          5 8 18 2 3.</_></rects>
      <tilted>0</tilted></_>
    <_>
      <rects>
        <_>
          5 8 12 12 -1.</_>
        <_>
          5 14 12 6 2.</_></rects>
      <tilted>0</tilted></_>
    <_>
      <rects>
        <_>
          5 8 15 12 -1.</_>
        <_>
          5 12 15 4 3.</_></rects>
      <tilted>0</tilted></_>
    <_>
      <rects>
        <_>
          5 13 1 3 -1.</_>
        <_>
          5 14 1 1 3.</_></rects>
      <tilted>0</tilted></_>
    <_>
      <rects>
        <_>
          5 15 6 2 -1.</_>
        <_>
          5 15 3 1 2.</_>
        <_>
          8 16 3 1 2.</_></rects>
      <tilted>0</tilted></_>
    <_>
      <rects>
        <_>
          6 1 4 14 -1.</_>
        <_>
          6 1 2 7 2.</_>
        <_>
          8 8 2 7 2.</_></rects>
      <tilted>0</tilted></_>
    <_>
      <rects>
        <_>
          6 3 11 8 -1.</_>
        <_>
          6 7 11 4 2.</_></rects>
      <tilted>0</tilted></_>
    <_>
      <rects>
        <_>
          6 4 11 6 -1.</_>
        <_>
          6 7 11 3 2.</_></rects>
      <tilted>0</tilted></_>
    <_>
      <rects>
        <_>
          6 6 12 5 -1.</_>
        <_>
          10 6 4 5 3.</_></rects>
      <tilted>0</tilted></_>
    <_>
      <rects>
        <_>
          6 7 8 3 -1.</_>
        <_>
          10 7 4 3 2.</_></rects>
      <tilted>0</tilted></_>
    <_>
      <rects>
        <_>
          6 9 11 2 -1.</_>
        <_>
          6 10 11 1 2.</_></rects>
      <tilted>0</tilted></_>
    <_>
      <rects>
        <_>
          6 13 4 2 -1.</_>
        <_>
          8 13 2 2 2.</_></rects>
      <tilted>0</tilted></_>
    <_>
      <rects>
        <_>
          6 18 18 4 -1.</_>
        <_>
          6 18 9 2 2.</_>
        <_>
          15 20 9 2 2.</_></rects>
      <tilted>0</tilted></_>
    <_>
      <rects>
        <_>
          7 0 9 11 -1.</_>
        <_>
          10 0 3 11 3.</_></rects>
      <tilted>0</tilted></_>
    <_>
      <rects>
        <_>
          7 2 2 1 -1.</_>
        <_>
          8 2 1 1 2.</_></rects>
      <tilted>0</tilted></_>
    <_>
      <rects>
        <_>
          7 2 3 6 -1.</_>
        <_>
          8 2 1 6 3.</_></rects>
      <tilted>0</tilted></_>
    <_>
      <rects>
        <_>
          7 3 9 1 -1.</_>
        <_>
          10 3 3 1 3.</_></rects>
      <tilted>0</tilted></_>
    <_>
      <rects>
        <_>
          7 7 1 10 -1.</_>
        <_>
          7 12 1 5 2.</_></rects>
      <tilted>0</tilted></_>
    <_>
      <rects>
        <_>
          7 9 9 1 -1.</_>
        <_>
          10 9 3 1 3.</_></rects>
      <tilted>0</tilted></_>
    <_>
      <rects>
        <_>
          7 9 8 6 -1.</_>
        <_>
          7 9 4 3 2.</_>
        <_>
          11 12 4 3 2.</_></rects>
      <tilted>0</tilted></_>
    <_>
      <rects>
        <_>
          7 13 2 6 -1.</_>
        <_>
          7 16 2 3 2.</_></rects>
      <tilted>0</tilted></_>
    <_>
      <rects>
        <_>
          8 1 3 6 -1.</_>
        <_>
          9 1 1 6 3.</_></rects>
      <tilted>0</tilted></_>
    <_>
      <rects>
        <_>
          8 2 3 4 -1.</_>
        <_>
          9 2 1 4 3.</_></rects>
      <tilted>0</tilted></_>
    <_>
      <rects>
        <_>
          8 4 6 6 -1.</_>
        <_>
          8 4 3 3 2.</_>
        <_>
          11 7 3 3 2.</_></rects>
      <tilted>0</tilted></_>
    <_>
      <rects>
        <_>
          8 5 9 7 -1.</_>
        <_>
          11 5 3 7 3.</_></rects>
      <tilted>0</tilted></_>
    <_>
      <rects>
        <_>
          8 11 4 6 -1.</_>
        <_>
          8 14 4 3 2.</_></rects>
      <tilted>0</tilted></_>
    <_>
      <rects>
        <_>
          9 5 6 5 -1.</_>
        <_>
          11 5 2 5 3.</_></rects>
      <tilted>0</tilted></_>
    <_>
      <rects>
        <_>
          9 6 3 2 -1.</_>
        <_>
          9 7 3 1 2.</_></rects>
      <tilted>0</tilted></_>
    <_>
      <rects>
        <_>
          9 6 10 12 -1.</_>
        <_>
          9 6 5 6 2.</_>
        <_>
          14 12 5 6 2.</_></rects>
      <tilted>0</tilted></_>
    <_>
      <rects>
        <_>
          9 8 6 3 -1.</_>
        <_>
          11 8 2 3 3.</_></rects>
      <tilted>0</tilted></_>
    <_>
      <rects>
        <_>
          9 9 4 1 -1.</_>
        <_>
          11 9 2 1 2.</_></rects>
      <tilted>0</tilted></_>
    <_>
      <rects>
        <_>
          9 13 6 1 -1.</_>
        <_>
          11 13 2 1 3.</_></rects>
      <tilted>0</tilted></_>
    <_>
      <rects>
        <_>
          9 15 5 2 -1.</_>
        <_>
          9 16 5 1 2.</_></rects>
      <tilted>0</tilted></_>
    <_>
      <rects>
        <_>
          9 17 6 3 -1.</_>
        <_>
          9 18 6 1 3.</_></rects>
      <tilted>0</tilted></_>
    <_>
      <rects>
        <_>
          9 17 7 3 -1.</_>
        <_>
          9 18 7 1 3.</_></rects>
      <tilted>0</tilted></_>
    <_>
      <rects>
        <_>
          10 4 4 3 -1.</_>
        <_>
          10 5 4 1 3.</_></rects>
      <tilted>0</tilted></_>
    <_>
      <rects>
        <_>
          10 8 2 2 -1.</_>
        <_>
          11 8 1 2 2.</_></rects>
      <tilted>0</tilted></_>
    <_>
      <rects>
        <_>
          10 8 8 6 -1.</_>
        <_>
          10 8 4 3 2.</_>
        <_>
          14 11 4 3 2.</_></rects>
      <tilted>0</tilted></_>
    <_>
      <rects>
        <_>
          10 14 3 3 -1.</_>
        <_>
          10 15 3 1 3.</_></rects>
      <tilted>0</tilted></_>
    <_>
      <rects>
        <_>
          10 14 4 3 -1.</_>
        <_>
          10 15 4 1 3.</_></rects>
      <tilted>0</tilted></_>
    <_>
      <rects>
        <_>
          10 14 5 3 -1.</_>
        <_>
          10 15 5 1 3.</_></rects>
      <tilted>0</tilted></_>
    <_>
      <rects>
        <_>
          10 16 4 3 -1.</_>
        <_>
          10 17 4 1 3.</_></rects>
      <tilted>0</tilted></_>
    <_>
      <rects>
        <_>
          10 20 10 4 -1.</_>
        <_>
          10 20 5 2 2.</_>
        <_>
          15 22 5 2 2.</_></rects>
      <tilted>0</tilted></_>
    <_>
      <rects>
        <_>
          11 3 4 8 -1.</_>
        <_>
          11 3 2 4 2.</_>
        <_>
          13 7 2 4 2.</_></rects>
      <tilted>0</tilted></_>
    <_>
      <rects>
        <_>
          11 3 9 2 -1.</_>
        <_>
          14 3 3 2 3.</_></rects>
      <tilted>0</tilted></_>
    <_>
      <rects>
        <_>
          11 9 3 3 -1.</_>
        <_>
          11 10 3 1 3.</_></rects>
      <tilted>0</tilted></_>
    <_>
      <rects>
        <_>
          11 9 6 4 -1.</_>
        <_>
          11 9 3 2 2.</_>
        <_>
          14 11 3 2 2.</_></rects>
      <tilted>0</tilted></_>
    <_>
      <rects>
        <_>
          11 10 3 2 -1.</_>
        <_>
          11 11 3 1 2.</_></rects>
      <tilted>0</tilted></_>
    <_>
      <rects>
        <_>
          11 11 4 2 -1.</_>
        <_>
          11 12 4 1 2.</_></rects>
      <tilted>0</tilted></_>
    <_>
      <rects>
        <_>
          11 14 3 3 -1.</_>
        <_>
          11 15 3 1 3.</_></rects>
      <tilted>0</tilted></_>
    <_>
      <rects>
        <_>
          11 16 4 3 -1.</_>
        <_>
          11 17 4 1 3.</_></rects>
      <tilted>0</tilted></_>
    <_>
      <rects>
        <_>
          12 4 4 10 -1.</_>
        <_>
          14 4 2 10 2.</_></rects>
      <tilted>0</tilted></_>
    <_>
      <rects>
        <_>
          12 5 7 9 -1.</_>
        <_>
          12 8 7 3 3.</_></rects>
      <tilted>0</tilted></_>
    <_>
      <rects>
        <_>
          12 6 2 5 -1.</_>
        <_>
          13 6 1 5 2.</_></rects>
      <tilted>0</tilted></_>
    <_>
      <rects>
        <_>
          12 9 2 8 -1.</_>
        <_>
          12 13 2 4 2.</_></rects>
      <tilted>0</tilted></_>
    <_>
      <rects>
        <_>
          13 0 3 8 -1.</_>
        <_>
          14 0 1 8 3.</_></rects>
      <tilted>0</tilted></_>
    <_>
      <rects>
        <_>
          13 0 8 14 -1.</_>
        <_>
          13 0 4 7 2.</_>
        <_>
          17 7 4 7 2.</_></rects>
      <tilted>0</tilted></_>
    <_>
      <rects>
        <_>
          13 0 6 2 -1.</_>
        <_>
          13 1 6 1 2.</_></rects>
      <tilted>0</tilted></_>
    <_>
      <rects>
        <_>
          13 1 8 12 -1.</_>
        <_>
          13 1 4 6 2.</_>
        <_>
          17 7 4 6 2.</_></rects>
      <tilted>0</tilted></_>
    <_>
      <rects>
        <_>
          13 3 3 5 -1.</_>
        <_>
          14 3 1 5 3.</_></rects>
      <tilted>0</tilted></_>
    <_>
      <rects>
        <_>
          13 5 6 14 -1.</_>
        <_>
          13 12 6 7 2.</_></rects>
      <tilted>0</tilted></_>
    <_>
      <rects>
        <_>
          13 7 6 8 -1.</_>
        <_>
          13 11 6 4 2.</_></rects>
      <tilted>0</tilted></_>
    <_>
      <rects>
        <_>
          13 10 3 2 -1.</_>
        <_>
          13 11 3 1 2.</_></rects>
      <tilted>0</tilted></_>
    <_>
      <rects>
        <_>
          13 11 3 12 -1.</_>
        <_>
          13 17 3 6 2.</_></rects>
      <tilted>0</tilted></_>
    <_>
      <rects>
        <_>
          14 2 4 4 -1.</_>
        <_>
          14 2 2 2 2.</_>
        <_>
          16 4 2 2 2.</_></rects>
      <tilted>0</tilted></_>
    <_>
      <rects>
        <_>
          14 3 8 8 -1.</_>
        <_>
          14 3 4 4 2.</_>
        <_>
          18 7 4 4 2.</_></rects>
      <tilted>0</tilted></_>
    <_>
      <rects>
        <_>
          15 2 6 8 -1.</_>
        <_>
          15 2 3 4 2.</_>
        <_>
          18 6 3 4 2.</_></rects>
      <tilted>0</tilted></_>
    <_>
      <rects>
        <_>
          15 4 8 6 -1.</_>
        <_>
          15 4 4 3 2.</_>
        <_>
          19 7 4 3 2.</_></rects>
      <tilted>0</tilted></_>
    <_>
      <rects>
        <_>
          15 19 8 4 -1.</_>
        <_>
          19 19 4 4 2.</_></rects>
      <tilted>0</tilted></_>
    <_>
      <rects>
        <_>
          16 2 8 5 -1.</_>
        <_>
          20 2 4 5 2.</_></rects>
      <tilted>0</tilted></_>
    <_>
      <rects>
        <_>
          16 6 2 15 -1.</_>
        <_>
          16 11 2 5 3.</_></rects>
      <tilted>0</tilted></_>
    <_>
      <rects>
        <_>
          16 15 7 2 -1.</_>
        <_>
          16 16 7 1 2.</_></rects>
      <tilted>0</tilted></_>
    <_>
      <rects>
        <_>
          17 0 6 20 -1.</_>
        <_>
          20 0 3 20 2.</_></rects>
      <tilted>0</tilted></_>
    <_>
      <rects>
        <_>
          17 1 5 9 -1.</_>
        <_>
          17 4 5 3 3.</_></rects>
      <tilted>0</tilted></_>
    <_>
      <rects>
        <_>
          17 2 2 10 -1.</_>
        <_>
          17 2 1 5 2.</_>
        <_>
          18 7 1 5 2.</_></rects>
      <tilted>0</tilted></_>
    <_>
      <rects>
        <_>
          17 13 4 3 -1.</_>
        <_>
          17 14 4 1 3.</_></rects>
      <tilted>0</tilted></_>
    <_>
      <rects>
        <_>
          17 14 2 2 -1.</_>
        <_>
          17 15 2 1 2.</_></rects>
      <tilted>0</tilted></_>
    <_>
      <rects>
        <_>
          18 2 6 12 -1.</_>
        <_>
          21 2 3 12 2.</_></rects>
      <tilted>0</tilted></_>
    <_>
      <rects>
        <_>
          18 2 6 17 -1.</_>
        <_>
          21 2 3 17 2.</_></rects>
      <tilted>0</tilted></_>
    <_>
      <rects>
        <_>
          19 1 2 6 -1.</_>
        <_>
          20 1 1 6 2.</_></rects>
      <tilted>0</tilted></_>
    <_>
      <rects>
        <_>
          19 18 4 3 -1.</_>
        <_>
          19 19 4 1 3.</_></rects>
      <tilted>0</tilted></_>
    <_>
      <rects>
        <_>
          20 3 4 12 -1.</_>
        <_>
          20 7 4 4 3.</_></rects>
      <tilted>0</tilted></_>
    <_>
      <rects>
        <_>
          23 0 1 4 -1.</_>
        <_>
          23 2 1 2 2.</_></rects>
      <tilted>0</tilted></_></features></cascade>
</opencv_storage>
