<?xml version="1.0"?>
<opencv_storage>
<stage0>
  <maxWeakCount>4</maxWeakCount>
  <stageThreshold>-2.3420085906982422e+00</stageThreshold>
  <weakClassifiers>
    <_>
      <internalNodes>
        0 -1 64172 -9.9896796047687531e-02</internalNodes>
      <leafValues>
        2.4427480995655060e-01 -9.6181631088256836e-01</leafValues></_>
    <_>
      <internalNodes>
        0 -1 93266 3.2870203256607056e-02</internalNodes>
      <leafValues>
        -8.9982926845550537e-01 3.9578682184219360e-01</leafValues></_>
    <_>
      <internalNodes>
        0 -1 44905 3.9561174809932709e-02</internalNodes>
      <leafValues>
        -9.3954890966415405e-01 3.0812573432922363e-01</leafValues></_>
    <_>
      <internalNodes>
        0 -1 135260 1.6767241060733795e-02</internalNodes>
      <leafValues>
        -7.1339952945709229e-01 4.5918595790863037e-01</leafValues></_></weakClassifiers></stage0>
</opencv_storage>
