<?xml version="1.0"?>
<opencv_storage>
<stage1>
  <maxWeakCount>3</maxWeakCount>
  <stageThreshold>-1.8972342014312744e+00</stageThreshold>
  <weakClassifiers>
    <_>
      <internalNodes>
        0 -1 42168 -9.8700128495693207e-02</internalNodes>
      <leafValues>
        -7.8590787947177887e-02 -9.6723103523254395e-01</leafValues></_>
    <_>
      <internalNodes>
        0 -1 103225 9.7447894513607025e-03</internalNodes>
      <leafValues>
        -8.8543659448623657e-01 2.6930227875709534e-01</leafValues></_>
    <_>
      <internalNodes>
        0 -1 66625 5.5670913308858871e-02</internalNodes>
      <leafValues>
        -9.3320679664611816e-01 2.8104642033576965e-01</leafValues></_></weakClassifiers></stage1>
</opencv_storage>
