<?xml version="1.0"?>
<opencv_storage>
<stage9>
  <maxWeakCount>8</maxWeakCount>
  <stageThreshold>-1.9692227840423584e+00</stageThreshold>
  <weakClassifiers>
    <_>
      <internalNodes>
        0 -1 136 -6.5000399947166443e-02</internalNodes>
      <leafValues>
        4.5098039507865906e-01 -8.4830152988433838e-01</leafValues></_>
    <_>
      <internalNodes>
        0 -1 152602 -6.1171110719442368e-02</internalNodes>
      <leafValues>
        4.5236530900001526e-01 -5.3756612539291382e-01</leafValues></_>
    <_>
      <internalNodes>
        0 -1 40821 -6.0979812406003475e-03</internalNodes>
      <leafValues>
        2.4294565618038177e-01 -6.5201312303543091e-01</leafValues></_>
    <_>
      <internalNodes>
        0 -1 21493 -1.7115834634751081e-04</internalNodes>
      <leafValues>
        -8.9897584915161133e-01 1.4111810922622681e-01</leafValues></_>
    <_>
      <internalNodes>
        0 -1 111185 3.9866203442215919e-03</internalNodes>
      <leafValues>
        -6.8606185913085938e-01 2.0602793991565704e-01</leafValues></_>
    <_>
      <internalNodes>
        0 -1 6200 -2.5223442353308201e-03</internalNodes>
      <leafValues>
        2.7055078744888306e-01 -6.3106715679168701e-01</leafValues></_>
    <_>
      <internalNodes>
        0 -1 33264 1.0597037151455879e-02</internalNodes>
      <leafValues>
        2.0085453987121582e-01 -6.9234734773635864e-01</leafValues></_>
    <_>
      <internalNodes>
        0 -1 34709 4.1766682988964021e-04</internalNodes>
      <leafValues>
        -7.4323415756225586e-01 1.8682953715324402e-01</leafValues></_></weakClassifiers></stage9>
</opencv_storage>
