<?xml version="1.0"?>
<opencv_storage>
<stage12>
  <maxWeakCount>7</maxWeakCount>
  <stageThreshold>-1.7683361768722534e+00</stageThreshold>
  <weakClassifiers>
    <_>
      <internalNodes>
        0 -1 7614 -1.4499525725841522e-01</internalNodes>
      <leafValues>
        3.4782609343528748e-01 -8.4308266639709473e-01</leafValues></_>
    <_>
      <internalNodes>
        0 -1 13245 5.0760760903358459e-02</internalNodes>
      <leafValues>
        -5.7112848758697510e-01 2.4351894855499268e-01</leafValues></_>
    <_>
      <internalNodes>
        0 -1 113141 -2.8149290010333061e-03</internalNodes>
      <leafValues>
        3.5380664467811584e-01 -4.4056025147438049e-01</leafValues></_>
    <_>
      <internalNodes>
        0 -1 148894 5.0975642807316035e-05</internalNodes>
      <leafValues>
        -7.6543849706649780e-01 1.7332479357719421e-01</leafValues></_>
    <_>
      <internalNodes>
        0 -1 26134 1.8794178962707520e-02</internalNodes>
      <leafValues>
        -3.6851915717124939e-01 3.5569316148757935e-01</leafValues></_>
    <_>
      <internalNodes>
        0 -1 27742 -7.4208131991326809e-04</internalNodes>
      <leafValues>
        -8.8797187805175781e-01 1.6664488613605499e-01</leafValues></_>
    <_>
      <internalNodes>
        0 -1 128077 -2.9942234978079796e-03</internalNodes>
      <leafValues>
        -9.2250394821166992e-01 1.1498473584651947e-01</leafValues></_></weakClassifiers></stage12>
</opencv_storage>
