<?xml version="1.0"?>
<opencv_storage>
<stage1>
  <maxWeakCount>2</maxWeakCount>
  <stageThreshold>-9.4563221931457520e-01</stageThreshold>
  <weakClassifiers>
    <_>
      <internalNodes>
        0 -1 118327 -1.4874616637825966e-02</internalNodes>
      <leafValues>
        2.8571428731083870e-02 -9.7837835550308228e-01</leafValues></_>
    <_>
      <internalNodes>
        0 -1 94821 1.3506265357136726e-02</internalNodes>
      <leafValues>
        -9.7420364618301392e-01 2.9419547319412231e-01</leafValues></_></weakClassifiers></stage1>
</opencv_storage>
