<?xml version="1.0"?>
<opencv_storage>
<stage0>
  <maxWeakCount>2</maxWeakCount>
  <stageThreshold>-3.2010626792907715e-01</stageThreshold>
  <weakClassifiers>
    <_>
      <internalNodes>
        0 -1 637 4.0883898735046387e-01</internalNodes>
      <leafValues>
        -9.5098036527633667e-01 8.7500000000000000e-01</leafValues></_>
    <_>
      <internalNodes>
        0 -1 33731 2.7323972433805466e-02</internalNodes>
      <leafValues>
        -9.8895025253295898e-01 6.3087409734725952e-01</leafValues></_></weakClassifiers></stage0>
</opencv_storage>
