<?xml version="1.0"?>
<opencv_storage>
<stage9>
  <maxWeakCount>3</maxWeakCount>
  <stageThreshold>-1.4699141979217529e+00</stageThreshold>
  <weakClassifiers>
    <_>
      <internalNodes>
        0 -1 155402 9.5590144395828247e-02</internalNodes>
      <leafValues>
        -8.8461536169052124e-01 3.3333334326744080e-01</leafValues></_>
    <_>
      <internalNodes>
        0 -1 118728 -9.0416623279452324e-03</internalNodes>
      <leafValues>
        1.7549599707126617e-01 -9.2684787511825562e-01</leafValues></_>
    <_>
      <internalNodes>
        0 -1 50559 -8.7986355647444725e-03</internalNodes>
      <leafValues>
        3.4154906868934631e-01 -9.0671432018280029e-01</leafValues></_></weakClassifiers></stage9>
</opencv_storage>
