<?xml version="1.0"?>
<opencv_storage>
<stage7>
  <maxWeakCount>3</maxWeakCount>
  <stageThreshold>-1.4973169565200806e+00</stageThreshold>
  <weakClassifiers>
    <_>
      <internalNodes>
        0 -1 105532 -1.2274932116270065e-02</internalNodes>
      <leafValues>
        5.5555558204650879e-01 -8.7677723169326782e-01</leafValues></_>
    <_>
      <internalNodes>
        0 -1 157029 -1.2201851233839989e-02</internalNodes>
      <leafValues>
        3.7509402632713318e-01 -8.9125448465347290e-01</leafValues></_>
    <_>
      <internalNodes>
        0 -1 66887 1.0707004927098751e-02</internalNodes>
      <leafValues>
        -1. 2.7071473002433777e-01</leafValues></_></weakClassifiers></stage7>
</opencv_storage>
