<?xml version="1.0"?>
<opencv_storage>
<stage5>
  <maxWeakCount>2</maxWeakCount>
  <stageThreshold>-9.2688935995101929e-01</stageThreshold>
  <weakClassifiers>
    <_>
      <internalNodes>
        0 -1 49325 1.8284946680068970e-02</internalNodes>
      <leafValues>
        -9.1878169775009155e-01 4.3478261679410934e-02</leafValues></_>
    <_>
      <internalNodes>
        0 -1 109671 -3.2501851674169302e-03</internalNodes>
      <leafValues>
        1.3649220764636993e-01 -9.7036761045455933e-01</leafValues></_></weakClassifiers></stage5>
</opencv_storage>
