<?xml version="1.0"?>
<opencv_storage>
<stage6>
  <maxWeakCount>2</maxWeakCount>
  <stageThreshold>-7.6627683639526367e-01</stageThreshold>
  <weakClassifiers>
    <_>
      <internalNodes>
        0 -1 4222 2.6274776086211205e-02</internalNodes>
      <leafValues>
        -8.9423078298568726e-01 5.0000000000000000e-01</leafValues></_>
    <_>
      <internalNodes>
        0 -1 134102 -8.0940380692481995e-02</internalNodes>
      <leafValues>
        1.2795394659042358e-01 -9.8029530048370361e-01</leafValues></_></weakClassifiers></stage6>
</opencv_storage>
