<?xml version="1.0"?>
<opencv_storage>
<stage11>
  <maxWeakCount>3</maxWeakCount>
  <stageThreshold>-1.1191233396530151e+00</stageThreshold>
  <weakClassifiers>
    <_>
      <internalNodes>
        0 -1 19037 1.7500510811805725e-01</internalNodes>
      <leafValues>
        -8.6915886402130127e-01 1.</leafValues></_>
    <_>
      <internalNodes>
        0 -1 110 2.4502191692590714e-02</internalNodes>
      <leafValues>
        -7.0080995559692383e-01 7.6699995994567871e-01</leafValues></_>
    <_>
      <internalNodes>
        0 -1 103334 -8.1164222210645676e-03</internalNodes>
      <leafValues>
        4.5084547996520996e-01 -1.</leafValues></_></weakClassifiers></stage11>
</opencv_storage>
