<?xml version="1.0"?>
<opencv_storage>
<stage3>
  <maxWeakCount>3</maxWeakCount>
  <stageThreshold>-1.2966070175170898e+00</stageThreshold>
  <weakClassifiers>
    <_>
      <internalNodes>
        0 -1 17359 8.3219014108181000e-02</internalNodes>
      <leafValues>
        -9.0338164567947388e-01 5.3846156597137451e-01</leafValues></_>
    <_>
      <internalNodes>
        0 -1 11459 -1.0948409140110016e-01</internalNodes>
      <leafValues>
        5.7224059104919434e-01 -8.4297299385070801e-01</leafValues></_>
    <_>
      <internalNodes>
        0 -1 146241 -6.5929600968956947e-03</internalNodes>
      <leafValues>
        4.4974759221076965e-01 -9.8103207349777222e-01</leafValues></_></weakClassifiers></stage3>
</opencv_storage>
