<?xml version="1.0"?>
<opencv_storage>
<stage2>
  <maxWeakCount>2</maxWeakCount>
  <stageThreshold>-7.5612831115722656e-01</stageThreshold>
  <weakClassifiers>
    <_>
      <internalNodes>
        0 -1 73661 -4.3992429971694946e-02</internalNodes>
      <leafValues>
        2.0000000298023224e-01 -9.4871795177459717e-01</leafValues></_>
    <_>
      <internalNodes>
        0 -1 135971 2.5989554822444916e-02</internalNodes>
      <leafValues>
        -9.5612829923629761e-01 2.9659727215766907e-01</leafValues></_></weakClassifiers></stage2>
</opencv_storage>
