<?xml version="1.0"?>
<opencv_storage>
<stage4>
  <maxWeakCount>2</maxWeakCount>
  <stageThreshold>-7.2258234024047852e-01</stageThreshold>
  <weakClassifiers>
    <_>
      <internalNodes>
        0 -1 108961 -7.7123887836933136e-02</internalNodes>
      <leafValues>
        4.1176471114158630e-01 -9.2118227481842041e-01</leafValues></_>
    <_>
      <internalNodes>
        0 -1 54907 1.8326729536056519e-01</internalNodes>
      <leafValues>
        -9.8037648200988770e-01 1.9859991967678070e-01</leafValues></_></weakClassifiers></stage4>
</opencv_storage>
