<?xml version="1.0"?>
<opencv_storage>
<stage8>
  <maxWeakCount>10</maxWeakCount>
  <stageThreshold>-2.3345196247100830e+00</stageThreshold>
  <weakClassifiers>
    <_>
      <internalNodes>
        0 -1 11982 -9.0789988636970520e-02</internalNodes>
      <leafValues>
        -1.7730496823787689e-01 -9.2483854293823242e-01</leafValues></_>
    <_>
      <internalNodes>
        0 -1 144958 -1.4433233439922333e-01</internalNodes>
      <leafValues>
        3.5588297247886658e-01 -6.9424939155578613e-01</leafValues></_>
    <_>
      <internalNodes>
        0 -1 86369 9.6775460988283157e-03</internalNodes>
      <leafValues>
        -5.8192968368530273e-01 2.6556518673896790e-01</leafValues></_>
    <_>
      <internalNodes>
        0 -1 38254 -2.0921140909194946e-02</internalNodes>
      <leafValues>
        2.7947553992271423e-01 -5.6963068246841431e-01</leafValues></_>
    <_>
      <internalNodes>
        0 -1 13102 7.1504071354866028e-02</internalNodes>
      <leafValues>
        -2.3301675915718079e-01 6.3215321302413940e-01</leafValues></_>
    <_>
      <internalNodes>
        0 -1 22879 1.2615132145583630e-03</internalNodes>
      <leafValues>
        2.8223088383674622e-01 -7.0482522249221802e-01</leafValues></_>
    <_>
      <internalNodes>
        0 -1 136732 3.1052259728312492e-02</internalNodes>
      <leafValues>
        -7.0593500137329102e-01 1.9183282554149628e-01</leafValues></_>
    <_>
      <internalNodes>
        0 -1 118726 -1.8807367887347937e-03</internalNodes>
      <leafValues>
        -9.1636812686920166e-01 1.2080845981836319e-01</leafValues></_>
    <_>
      <internalNodes>
        0 -1 111947 -7.8180793207138777e-04</internalNodes>
      <leafValues>
        -8.9850282669067383e-01 1.2824332714080811e-01</leafValues></_>
    <_>
      <internalNodes>
        0 -1 123918 -2.5704193394631147e-03</internalNodes>
      <leafValues>
        1.3571153581142426e-01 -8.6071991920471191e-01</leafValues></_></weakClassifiers></stage8>
</opencv_storage>
