<?xml version="1.0"?>
<opencv_storage>
<cascade>
  <stageType>BOOST</stageType>
  <featureType>HAAR</featureType>
  <height>24</height>
  <width>24</width>
  <stageParams>
    <boostType>GAB</boostType>
    <minHitRate>9.9500000476837158e-01</minHitRate>
    <maxFalseAlarm>5.0000000000000000e-01</maxFalseAlarm>
    <weightTrimRate>9.4999999999999996e-01</weightTrimRate>
    <maxDepth>1</maxDepth>
    <maxWeakCount>100</maxWeakCount></stageParams>
  <featureParams>
    <maxCatCount>0</maxCatCount>
    <featSize>1</featSize>
    <mode>BASIC</mode></featureParams>
  <stageNum>14</stageNum>
  <stages>
    <!-- stage 0 -->
    <_>
      <maxWeakCount>3</maxWeakCount>
      <stageThreshold>-1.5828045606613159e+00</stageThreshold>
      <weakClassifiers>
        <_>
          <internalNodes>
            0 -1 17 3.7646047770977020e-02</internalNodes>
          <leafValues>
            -9.7507786750793457e-01 2.8467154502868652e-01</leafValues></_>
        <_>
          <internalNodes>
            0 -1 28 2.1882012486457825e-02</internalNodes>
          <leafValues>
            -9.6396231651306152e-01 2.6635816693305969e-01</leafValues></_>
        <_>
          <internalNodes>
            0 -1 43 2.8846018016338348e-02</internalNodes>
          <leafValues>
            -8.7408483028411865e-01 4.9573248624801636e-01</leafValues></_></weakClassifiers></_>
    <!-- stage 1 -->
    <_>
      <maxWeakCount>3</maxWeakCount>
      <stageThreshold>-1.4949301481246948e+00</stageThreshold>
      <weakClassifiers>
        <_>
          <internalNodes>
            0 -1 12 1.2757949531078339e-01</internalNodes>
          <leafValues>
            -9.5592862367630005e-01 7.4829928576946259e-02</leafValues></_>
        <_>
          <internalNodes>
            0 -1 20 5.9613913297653198e-02</internalNodes>
          <leafValues>
            -8.9382833242416382e-01 2.7676415443420410e-01</leafValues></_>
        <_>
          <internalNodes>
            0 -1 23 -1.6513738781213760e-02</internalNodes>
          <leafValues>
            3.5482683777809143e-01 -1.</leafValues></_></weakClassifiers></_>
    <!-- stage 2 -->
    <_>
      <maxWeakCount>4</maxWeakCount>
      <stageThreshold>-1.7892001867294312e+00</stageThreshold>
      <weakClassifiers>
        <_>
          <internalNodes>
            0 -1 9 -5.6584212929010391e-02</internalNodes>
          <leafValues>
            2.5773194432258606e-01 -9.2223328351974487e-01</leafValues></_>
        <_>
          <internalNodes>
            0 -1 20 5.9543069452047348e-02</internalNodes>
          <leafValues>
            -8.6374783515930176e-01 3.2970833778381348e-01</leafValues></_>
        <_>
          <internalNodes>
            0 -1 31 7.4691893532872200e-03</internalNodes>
          <leafValues>
            -8.4997910261154175e-01 4.6415799856185913e-01</leafValues></_>
        <_>
          <internalNodes>
            0 -1 6 7.4945390224456787e-02</internalNodes>
          <leafValues>
            -6.4140343666076660e-01 8.4676003456115723e-01</leafValues></_></weakClassifiers></_>
    <!-- stage 3 -->
    <_>
      <maxWeakCount>3</maxWeakCount>
      <stageThreshold>-2.0373752117156982e+00</stageThreshold>
      <weakClassifiers>
        <_>
          <internalNodes>
            0 -1 13 -1.1902068555355072e-01</internalNodes>
          <leafValues>
            -1.9170984625816345e-01 -9.5148843526840210e-01</leafValues></_>
        <_>
          <internalNodes>
            0 -1 53 8.6643127724528313e-03</internalNodes>
          <leafValues>
            -9.5323854684829712e-01 6.6179029643535614e-02</leafValues></_>
        <_>
          <internalNodes>
            0 -1 16 1.9094626186415553e-03</internalNodes>
          <leafValues>
            -8.9242690801620483e-01 2.8881502151489258e-01</leafValues></_></weakClassifiers></_>
    <!-- stage 4 -->
    <_>
      <maxWeakCount>3</maxWeakCount>
      <stageThreshold>-1.5281645059585571e+00</stageThreshold>
      <weakClassifiers>
        <_>
          <internalNodes>
            0 -1 10 2.4641182273626328e-02</internalNodes>
          <leafValues>
            -8.8621020317077637e-01 3.0158731341362000e-01</leafValues></_>
        <_>
          <internalNodes>
            0 -1 15 2.8430480509996414e-02</internalNodes>
          <leafValues>
            -8.9989447593688965e-01 1.5541659295558929e-01</leafValues></_>
        <_>
          <internalNodes>
            0 -1 37 -1.3898709788918495e-02</internalNodes>
          <leafValues>
            2.5794014334678650e-01 -9.9212396144866943e-01</leafValues></_></weakClassifiers></_>
    <!-- stage 5 -->
    <_>
      <maxWeakCount>5</maxWeakCount>
      <stageThreshold>-1.5449246168136597e+00</stageThreshold>
      <weakClassifiers>
        <_>
          <internalNodes>
            0 -1 55 -5.2443251013755798e-02</internalNodes>
          <leafValues>
            5.0000000000000000e-01 -8.8358777761459351e-01</leafValues></_>
        <_>
          <internalNodes>
            0 -1 14 2.4136159569025040e-02</internalNodes>
          <leafValues>
            -9.0746736526489258e-01 1.9409781694412231e-01</leafValues></_>
        <_>
          <internalNodes>
            0 -1 44 3.1506046652793884e-02</internalNodes>
          <leafValues>
            -7.3417127132415771e-01 3.6969652771949768e-01</leafValues></_>
        <_>
          <internalNodes>
            0 -1 39 -4.6344753354787827e-03</internalNodes>
          <leafValues>
            7.1294844150543213e-01 -5.1872330904006958e-01</leafValues></_>
        <_>
          <internalNodes>
            0 -1 22 9.4457060098648071e-02</internalNodes>
          <leafValues>
            -8.1775104999542236e-01 3.9746001362800598e-01</leafValues></_></weakClassifiers></_>
    <!-- stage 6 -->
    <_>
      <maxWeakCount>5</maxWeakCount>
      <stageThreshold>-1.6540255546569824e+00</stageThreshold>
      <weakClassifiers>
        <_>
          <internalNodes>
            0 -1 1 -7.0010207593441010e-02</internalNodes>
          <leafValues>
            6.5714287757873535e-01 -8.6666667461395264e-01</leafValues></_>
        <_>
          <internalNodes>
            0 -1 2 5.2514046430587769e-02</internalNodes>
          <leafValues>
            -6.9362837076187134e-01 5.6931632757186890e-01</leafValues></_>
        <_>
          <internalNodes>
            0 -1 52 1.8143344670534134e-02</internalNodes>
          <leafValues>
            -6.3311207294464111e-01 4.1971606016159058e-01</leafValues></_>
        <_>
          <internalNodes>
            0 -1 18 3.6457187961786985e-03</internalNodes>
          <leafValues>
            -8.9581930637359619e-01 2.9705491662025452e-01</leafValues></_>
        <_>
          <internalNodes>
            0 -1 25 4.6564303338527679e-03</internalNodes>
          <leafValues>
            -1. 2.4232657253742218e-01</leafValues></_></weakClassifiers></_>
    <!-- stage 7 -->
    <_>
      <maxWeakCount>5</maxWeakCount>
      <stageThreshold>-2.0444750785827637e+00</stageThreshold>
      <weakClassifiers>
        <_>
          <internalNodes>
            0 -1 59 -3.3746443688869476e-02</internalNodes>
          <leafValues>
            3.2203391194343567e-01 -8.8280498981475830e-01</leafValues></_>
        <_>
          <internalNodes>
            0 -1 51 2.2258576005697250e-02</internalNodes>
          <leafValues>
            -7.8621917963027954e-01 1.3603004813194275e-01</leafValues></_>
        <_>
          <internalNodes>
            0 -1 32 8.6486939107999206e-04</internalNodes>
          <leafValues>
            -8.7308478355407715e-01 2.4345135688781738e-01</leafValues></_>
        <_>
          <internalNodes>
            0 -1 21 1.9696042872965336e-03</internalNodes>
          <leafValues>
            2.0780350267887115e-01 -1.</leafValues></_>
        <_>
          <internalNodes>
            0 -1 40 3.2073602778837085e-04</internalNodes>
          <leafValues>
            -8.0140441656112671e-01 2.8983029723167419e-01</leafValues></_></weakClassifiers></_>
    <!-- stage 8 -->
    <_>
      <maxWeakCount>5</maxWeakCount>
      <stageThreshold>-1.7728843688964844e+00</stageThreshold>
      <weakClassifiers>
        <_>
          <internalNodes>
            0 -1 49 -5.6392639875411987e-02</internalNodes>
          <leafValues>
            9.7560971975326538e-02 -8.9194500446319580e-01</leafValues></_>
        <_>
          <internalNodes>
            0 -1 0 -3.8602441549301147e-02</internalNodes>
          <leafValues>
            5.6648969650268555e-01 -5.9878367185592651e-01</leafValues></_>
        <_>
          <internalNodes>
            0 -1 29 -1.2894272804260254e-03</internalNodes>
          <leafValues>
            -9.2170661687850952e-01 2.2683715820312500e-01</leafValues></_>
        <_>
          <internalNodes>
            0 -1 41 -7.5762858614325523e-04</internalNodes>
          <leafValues>
            -8.1852036714553833e-01 2.6331296563148499e-01</leafValues></_>
        <_>
          <internalNodes>
            0 -1 34 5.2274945192039013e-03</internalNodes>
          <leafValues>
            -6.9322264194488525e-01 3.0952748656272888e-01</leafValues></_></weakClassifiers></_>
    <!-- stage 9 -->
    <_>
      <maxWeakCount>5</maxWeakCount>
      <stageThreshold>-1.7689493894577026e+00</stageThreshold>
      <weakClassifiers>
        <_>
          <internalNodes>
            0 -1 58 -9.4641029834747314e-02</internalNodes>
          <leafValues>
            5.4054055362939835e-02 -8.8109159469604492e-01</leafValues></_>
        <_>
          <internalNodes>
            0 -1 47 3.0007844790816307e-02</internalNodes>
          <leafValues>
            -8.2700002193450928e-01 6.3035078346729279e-02</leafValues></_>
        <_>
          <internalNodes>
            0 -1 11 -1.3881564140319824e-02</internalNodes>
          <leafValues>
            3.9320665597915649e-01 -5.3218704462051392e-01</leafValues></_>
        <_>
          <internalNodes>
            0 -1 38 -3.9067573379725218e-04</internalNodes>
          <leafValues>
            -9.5356750488281250e-01 2.1915817260742188e-01</leafValues></_>
        <_>
          <internalNodes>
            0 -1 46 1.5509832883253694e-04</internalNodes>
          <leafValues>
            -6.3786399364471436e-01 3.4606871008872986e-01</leafValues></_></weakClassifiers></_>
    <!-- stage 10 -->
    <_>
      <maxWeakCount>5</maxWeakCount>
      <stageThreshold>-1.8192933797836304e+00</stageThreshold>
      <weakClassifiers>
        <_>
          <internalNodes>
            0 -1 56 -1.0239560902118683e-01</internalNodes>
          <leafValues>
            1.4492753893136978e-02 -8.7390881776809692e-01</leafValues></_>
        <_>
          <internalNodes>
            0 -1 36 -7.1365898475050926e-03</internalNodes>
          <leafValues>
            2.9593250155448914e-01 -6.8427920341491699e-01</leafValues></_>
        <_>
          <internalNodes>
            0 -1 3 5.4196260869503021e-02</internalNodes>
          <leafValues>
            -8.5540533065795898e-01 1.8572109937667847e-01</leafValues></_>
        <_>
          <internalNodes>
            0 -1 48 1.5680911019444466e-04</internalNodes>
          <leafValues>
            -6.3980370759963989e-01 3.2051652669906616e-01</leafValues></_>
        <_>
          <internalNodes>
            0 -1 24 1.2252540327608585e-03</internalNodes>
          <leafValues>
            2.5389200448989868e-01 -9.5228081941604614e-01</leafValues></_></weakClassifiers></_>
    <!-- stage 11 -->
    <_>
      <maxWeakCount>5</maxWeakCount>
      <stageThreshold>-1.8812117576599121e+00</stageThreshold>
      <weakClassifiers>
        <_>
          <internalNodes>
            0 -1 4 -1.0762256383895874e-01</internalNodes>
          <leafValues>
            2.8205129504203796e-01 -8.5862392187118530e-01</leafValues></_>
        <_>
          <internalNodes>
            0 -1 50 -3.8374401628971100e-02</internalNodes>
          <leafValues>
            3.9031517505645752e-01 -6.6022419929504395e-01</leafValues></_>
        <_>
          <internalNodes>
            0 -1 19 1.3859782484360039e-04</internalNodes>
          <leafValues>
            -8.1677043437957764e-01 2.2706496715545654e-01</leafValues></_>
        <_>
          <internalNodes>
            0 -1 54 5.4513060604222119e-05</internalNodes>
          <leafValues>
            -8.5096931457519531e-01 2.1203297376632690e-01</leafValues></_>
        <_>
          <internalNodes>
            0 -1 5 1.0142806917428970e-02</internalNodes>
          <leafValues>
            -8.0146157741546631e-01 2.5176945328712463e-01</leafValues></_></weakClassifiers></_>
    <!-- stage 12 -->
    <_>
      <maxWeakCount>5</maxWeakCount>
      <stageThreshold>-1.7381229400634766e+00</stageThreshold>
      <weakClassifiers>
        <_>
          <internalNodes>
            0 -1 7 -3.1277734786272049e-02</internalNodes>
          <leafValues>
            6.6666668653488159e-01 -8.5130113363265991e-01</leafValues></_>
        <_>
          <internalNodes>
            0 -1 8 3.9330422878265381e-02</internalNodes>
          <leafValues>
            -5.4954057931900024e-01 5.9584712982177734e-01</leafValues></_>
        <_>
          <internalNodes>
            0 -1 33 8.5127614438533783e-03</internalNodes>
          <leafValues>
            1.8540392816066742e-01 -1.</leafValues></_>
        <_>
          <internalNodes>
            0 -1 42 3.1408827751874924e-02</internalNodes>
          <leafValues>
            -6.5106427669525146e-01 2.9221370816230774e-01</leafValues></_>
        <_>
          <internalNodes>
            0 -1 27 1.3795119011774659e-03</internalNodes>
          <leafValues>
            2.5421547889709473e-01 -8.1489884853363037e-01</leafValues></_></weakClassifiers></_>
    <!-- stage 13 -->
    <_>
      <maxWeakCount>5</maxWeakCount>
      <stageThreshold>-1.8875668048858643e+00</stageThreshold>
      <weakClassifiers>
        <_>
          <internalNodes>
            0 -1 26 -1.7142642289400101e-02</internalNodes>
          <leafValues>
            4.7619048506021500e-02 -8.7078112363815308e-01</leafValues></_>
        <_>
          <internalNodes>
            0 -1 57 4.0066735818982124e-03</internalNodes>
          <leafValues>
            -7.4512141942977905e-01 1.8268840387463570e-02</leafValues></_>
        <_>
          <internalNodes>
            0 -1 30 -4.6086317161098123e-04</internalNodes>
          <leafValues>
            -8.9205348491668701e-01 1.4819937944412231e-01</leafValues></_>
        <_>
          <internalNodes>
            0 -1 45 -1.3561217114329338e-02</internalNodes>
          <leafValues>
            -6.8343669176101685e-01 2.8376585245132446e-01</leafValues></_>
        <_>
          <internalNodes>
            0 -1 35 5.0266695325262845e-05</internalNodes>
          <leafValues>
            -6.9464665651321411e-01 2.6357302069664001e-01</leafValues></_></weakClassifiers></_></stages>
  <features>
    <_>
      <rects>
        <_>
          0 0 4 11 -1.</_>
        <_>
          2 0 2 11 2.</_></rects>
      <tilted>0</tilted></_>
    <_>
      <rects>
        <_>
          0 0 4 15 -1.</_>
        <_>
          2 0 2 15 2.</_></rects>
      <tilted>0</tilted></_>
    <_>
      <rects>
        <_>
          0 3 6 12 -1.</_>
        <_>
          3 3 3 12 2.</_></rects>
      <tilted>0</tilted></_>
    <_>
      <rects>
        <_>
          0 7 10 15 -1.</_>
        <_>
          0 12 10 5 3.</_></rects>
      <tilted>0</tilted></_>
    <_>
      <rects>
        <_>
          0 9 8 14 -1.</_>
        <_>
          4 9 4 14 2.</_></rects>
      <tilted>0</tilted></_>
    <_>
      <rects>
        <_>
          0 9 10 4 -1.</_>
        <_>
          0 9 5 2 2.</_>
        <_>
          5 11 5 2 2.</_></rects>
      <tilted>0</tilted></_>
    <_>
      <rects>
        <_>
          0 20 24 3 -1.</_>
        <_>
          8 20 8 3 3.</_></rects>
      <tilted>0</tilted></_>
    <_>
      <rects>
        <_>
          1 4 3 9 -1.</_>
        <_>
          2 4 1 9 3.</_></rects>
      <tilted>0</tilted></_>
    <_>
      <rects>
        <_>
          1 5 4 9 -1.</_>
        <_>
          3 5 2 9 2.</_></rects>
      <tilted>0</tilted></_>
    <_>
      <rects>
        <_>
          2 0 8 12 -1.</_>
        <_>
          2 0 4 6 2.</_>
        <_>
          6 6 4 6 2.</_></rects>
      <tilted>0</tilted></_>
    <_>
      <rects>
        <_>
          2 3 4 6 -1.</_>
        <_>
          4 3 2 6 2.</_></rects>
      <tilted>0</tilted></_>
    <_>
      <rects>
        <_>
          3 1 4 12 -1.</_>
        <_>
          3 1 2 6 2.</_>
        <_>
          5 7 2 6 2.</_></rects>
      <tilted>0</tilted></_>
    <_>
      <rects>
        <_>
          4 8 18 9 -1.</_>
        <_>
          4 11 18 3 3.</_></rects>
      <tilted>0</tilted></_>
    <_>
      <rects>
        <_>
          5 4 15 9 -1.</_>
        <_>
          5 7 15 3 3.</_></rects>
      <tilted>0</tilted></_>
    <_>
      <rects>
        <_>
          5 8 4 6 -1.</_>
        <_>
          5 11 4 3 2.</_></rects>
      <tilted>0</tilted></_>
    <_>
      <rects>
        <_>
          5 8 5 6 -1.</_>
        <_>
          5 11 5 3 2.</_></rects>
      <tilted>0</tilted></_>
    <_>
      <rects>
        <_>
          5 9 4 2 -1.</_>
        <_>
          5 10 4 1 2.</_></rects>
      <tilted>0</tilted></_>
    <_>
      <rects>
        <_>
          5 9 13 4 -1.</_>
        <_>
          5 11 13 2 2.</_></rects>
      <tilted>0</tilted></_>
    <_>
      <rects>
        <_>
          5 11 13 3 -1.</_>
        <_>
          5 12 13 1 3.</_></rects>
      <tilted>0</tilted></_>
    <_>
      <rects>
        <_>
          6 0 2 6 -1.</_>
        <_>
          7 0 1 6 2.</_></rects>
      <tilted>0</tilted></_>
    <_>
      <rects>
        <_>
          6 0 11 9 -1.</_>
        <_>
          6 3 11 3 3.</_></rects>
      <tilted>0</tilted></_>
    <_>
      <rects>
        <_>
          6 1 4 14 -1.</_>
        <_>
          6 1 2 7 2.</_>
        <_>
          8 8 2 7 2.</_></rects>
      <tilted>0</tilted></_>
    <_>
      <rects>
        <_>
          6 8 15 12 -1.</_>
        <_>
          6 12 15 4 3.</_></rects>
      <tilted>0</tilted></_>
    <_>
      <rects>
        <_>
          6 12 16 6 -1.</_>
        <_>
          6 15 16 3 2.</_></rects>
      <tilted>0</tilted></_>
    <_>
      <rects>
        <_>
          7 0 3 9 -1.</_>
        <_>
          8 0 1 9 3.</_></rects>
      <tilted>0</tilted></_>
    <_>
      <rects>
        <_>
          7 8 6 4 -1.</_>
        <_>
          10 8 3 4 2.</_></rects>
      <tilted>0</tilted></_>
    <_>
      <rects>
        <_>
          7 17 9 3 -1.</_>
        <_>
          7 18 9 1 3.</_></rects>
      <tilted>0</tilted></_>
    <_>
      <rects>
        <_>
          8 4 6 1 -1.</_>
        <_>
          10 4 2 1 3.</_></rects>
      <tilted>0</tilted></_>
    <_>
      <rects>
        <_>
          8 7 9 5 -1.</_>
        <_>
          11 7 3 5 3.</_></rects>
      <tilted>0</tilted></_>
    <_>
      <rects>
        <_>
          8 8 7 6 -1.</_>
        <_>
          8 10 7 2 3.</_></rects>
      <tilted>0</tilted></_>
    <_>
      <rects>
        <_>
          9 3 6 1 -1.</_>
        <_>
          11 3 2 1 3.</_></rects>
      <tilted>0</tilted></_>
    <_>
      <rects>
        <_>
          9 8 6 2 -1.</_>
        <_>
          11 8 2 2 3.</_></rects>
      <tilted>0</tilted></_>
    <_>
      <rects>
        <_>
          9 10 7 3 -1.</_>
        <_>
          9 11 7 1 3.</_></rects>
      <tilted>0</tilted></_>
    <_>
      <rects>
        <_>
          10 8 4 10 -1.</_>
        <_>
          10 13 4 5 2.</_></rects>
      <tilted>0</tilted></_>
    <_>
      <rects>
        <_>
          10 9 8 4 -1.</_>
        <_>
          10 9 4 2 2.</_>
        <_>
          14 11 4 2 2.</_></rects>
      <tilted>0</tilted></_>
    <_>
      <rects>
        <_>
          10 11 2 1 -1.</_>
        <_>
          11 11 1 1 2.</_></rects>
      <tilted>0</tilted></_>
    <_>
      <rects>
        <_>
          10 14 4 3 -1.</_>
        <_>
          10 15 4 1 3.</_></rects>
      <tilted>0</tilted></_>
    <_>
      <rects>
        <_>
          11 2 6 12 -1.</_>
        <_>
          14 2 3 12 2.</_></rects>
      <tilted>0</tilted></_>
    <_>
      <rects>
        <_>
          11 11 2 2 -1.</_>
        <_>
          11 12 2 1 2.</_></rects>
      <tilted>0</tilted></_>
    <_>
      <rects>
        <_>
          11 14 3 3 -1.</_>
        <_>
          11 15 3 1 3.</_></rects>
      <tilted>0</tilted></_>
    <_>
      <rects>
        <_>
          12 2 6 3 -1.</_>
        <_>
          14 2 2 3 3.</_></rects>
      <tilted>0</tilted></_>
    <_>
      <rects>
        <_>
          12 12 2 2 -1.</_>
        <_>
          12 13 2 1 2.</_></rects>
      <tilted>0</tilted></_>
    <_>
      <rects>
        <_>
          13 0 8 14 -1.</_>
        <_>
          13 0 4 7 2.</_>
        <_>
          17 7 4 7 2.</_></rects>
      <tilted>0</tilted></_>
    <_>
      <rects>
        <_>
          13 1 8 10 -1.</_>
        <_>
          13 1 4 5 2.</_>
        <_>
          17 6 4 5 2.</_></rects>
      <tilted>0</tilted></_>
    <_>
      <rects>
        <_>
          13 1 8 12 -1.</_>
        <_>
          13 1 4 6 2.</_>
        <_>
          17 7 4 6 2.</_></rects>
      <tilted>0</tilted></_>
    <_>
      <rects>
        <_>
          13 13 11 6 -1.</_>
        <_>
          13 15 11 2 3.</_></rects>
      <tilted>0</tilted></_>
    <_>
      <rects>
        <_>
          13 15 2 2 -1.</_>
        <_>
          14 15 1 2 2.</_></rects>
      <tilted>0</tilted></_>
    <_>
      <rects>
        <_>
          14 2 8 8 -1.</_>
        <_>
          14 2 4 4 2.</_>
        <_>
          18 6 4 4 2.</_></rects>
      <tilted>0</tilted></_>
    <_>
      <rects>
        <_>
          14 12 4 2 -1.</_>
        <_>
          16 12 2 2 2.</_></rects>
      <tilted>0</tilted></_>
    <_>
      <rects>
        <_>
          15 2 8 5 -1.</_>
        <_>
          19 2 4 5 2.</_></rects>
      <tilted>0</tilted></_>
    <_>
      <rects>
        <_>
          15 3 8 5 -1.</_>
        <_>
          19 3 4 5 2.</_></rects>
      <tilted>0</tilted></_>
    <_>
      <rects>
        <_>
          16 2 6 10 -1.</_>
        <_>
          16 2 3 5 2.</_>
        <_>
          19 7 3 5 2.</_></rects>
      <tilted>0</tilted></_>
    <_>
      <rects>
        <_>
          16 3 6 8 -1.</_>
        <_>
          16 3 3 4 2.</_>
        <_>
          19 7 3 4 2.</_></rects>
      <tilted>0</tilted></_>
    <_>
      <rects>
        <_>
          16 8 2 8 -1.</_>
        <_>
          16 12 2 4 2.</_></rects>
      <tilted>0</tilted></_>
    <_>
      <rects>
        <_>
          16 12 2 3 -1.</_>
        <_>
          16 13 2 1 3.</_></rects>
      <tilted>0</tilted></_>
    <_>
      <rects>
        <_>
          17 1 6 7 -1.</_>
        <_>
          20 1 3 7 2.</_></rects>
      <tilted>0</tilted></_>
    <_>
      <rects>
        <_>
          17 1 6 17 -1.</_>
        <_>
          20 1 3 17 2.</_></rects>
      <tilted>0</tilted></_>
    <_>
      <rects>
        <_>
          18 1 1 9 -1.</_>
        <_>
          18 4 1 3 3.</_></rects>
      <tilted>0</tilted></_>
    <_>
      <rects>
        <_>
          18 2 6 18 -1.</_>
        <_>
          21 2 3 18 2.</_></rects>
      <tilted>0</tilted></_>
    <_>
      <rects>
        <_>
          19 4 4 8 -1.</_>
        <_>
          21 4 2 8 2.</_></rects>
      <tilted>0</tilted></_></features></cascade>
</opencv_storage>
