<?xml version="1.0"?>
<opencv_storage>
<stage9>
  <maxWeakCount>5</maxWeakCount>
  <stageThreshold>-1.7689493894577026e+00</stageThreshold>
  <weakClassifiers>
    <_>
      <internalNodes>
        0 -1 152608 -9.4641029834747314e-02</internalNodes>
      <leafValues>
        5.4054055362939835e-02 -8.8109159469604492e-01</leafValues></_>
    <_>
      <internalNodes>
        0 -1 134861 3.0007844790816307e-02</internalNodes>
      <leafValues>
        -8.2700002193450928e-01 6.3035078346729279e-02</leafValues></_>
    <_>
      <internalNodes>
        0 -1 39032 -1.3881564140319824e-02</internalNodes>
      <leafValues>
        3.9320665597915649e-01 -5.3218704462051392e-01</leafValues></_>
    <_>
      <internalNodes>
        0 -1 119341 -3.9067573379725218e-04</internalNodes>
      <leafValues>
        -9.5356750488281250e-01 2.1915817260742188e-01</leafValues></_>
    <_>
      <internalNodes>
        0 -1 132949 1.5509832883253694e-04</internalNodes>
      <leafValues>
        -6.3786399364471436e-01 3.4606871008872986e-01</leafValues></_></weakClassifiers></stage9>
</opencv_storage>
