<?xml version="1.0"?>
<opencv_storage>
<stage2>
  <maxWeakCount>4</maxWeakCount>
  <stageThreshold>-1.7892001867294312e+00</stageThreshold>
  <weakClassifiers>
    <_>
      <internalNodes>
        0 -1 26073 -5.6584212929010391e-02</internalNodes>
      <leafValues>
        2.5773194432258606e-01 -9.2223328351974487e-01</leafValues></_>
    <_>
      <internalNodes>
        0 -1 71389 5.9543069452047348e-02</internalNodes>
      <leafValues>
        -8.6374783515930176e-01 3.2970833778381348e-01</leafValues></_>
    <_>
      <internalNodes>
        0 -1 103220 7.4691893532872200e-03</internalNodes>
      <leafValues>
        -8.4997910261154175e-01 4.6415799856185913e-01</leafValues></_>
    <_>
      <internalNodes>
        0 -1 13101 7.4945390224456787e-02</internalNodes>
      <leafValues>
        -6.4140343666076660e-01 8.4676003456115723e-01</leafValues></_></weakClassifiers></stage2>
</opencv_storage>
