<?xml version="1.0"?>
<opencv_storage>
<stage12>
  <maxWeakCount>5</maxWeakCount>
  <stageThreshold>-1.7381229400634766e+00</stageThreshold>
  <weakClassifiers>
    <_>
      <internalNodes>
        0 -1 17215 -3.1277734786272049e-02</internalNodes>
      <leafValues>
        6.6666668653488159e-01 -8.5130113363265991e-01</leafValues></_>
    <_>
      <internalNodes>
        0 -1 18113 3.9330422878265381e-02</internalNodes>
      <leafValues>
        -5.4954057931900024e-01 5.9584712982177734e-01</leafValues></_>
    <_>
      <internalNodes>
        0 -1 111192 8.5127614438533783e-03</internalNodes>
      <leafValues>
        1.8540392816066742e-01 -1.</leafValues></_>
    <_>
      <internalNodes>
        0 -1 128307 3.1408827751874924e-02</internalNodes>
      <leafValues>
        -6.5106427669525146e-01 2.9221370816230774e-01</leafValues></_>
    <_>
      <internalNodes>
        0 -1 92582 1.3795119011774659e-03</internalNodes>
      <leafValues>
        2.5421547889709473e-01 -8.1489884853363037e-01</leafValues></_></weakClassifiers></stage12>
</opencv_storage>
