<?xml version="1.0"?>
<opencv_storage>
<cascade>
  <stageType>BOOST</stageType>
  <featureType>HAAR</featureType>
  <height>24</height>
  <width>24</width>
  <stageParams>
    <boostType>GAB</boostType>
    <minHitRate>9.9500000476837158e-01</minHitRate>
    <maxFalseAlarm>5.0000000000000000e-01</maxFalseAlarm>
    <weightTrimRate>9.4999999999999996e-01</weightTrimRate>
    <maxDepth>1</maxDepth>
    <maxWeakCount>100</maxWeakCount></stageParams>
  <featureParams>
    <maxCatCount>0</maxCatCount>
    <featSize>1</featSize>
    <mode>BASIC</mode></featureParams>
  <stageNum>11</stageNum>
  <stages>
    <!-- stage 0 -->
    <_>
      <maxWeakCount>2</maxWeakCount>
      <stageThreshold>-3.5703831911087036e-01</stageThreshold>
      <weakClassifiers>
        <_>
          <internalNodes>
            0 -1 1 2.0936343073844910e-01</internalNodes>
          <leafValues>
            -9.1923075914382935e-01 9.3333333730697632e-01</leafValues></_>
        <_>
          <internalNodes>
            0 -1 10 1.5438441932201385e-01</internalNodes>
          <leafValues>
            -1. 5.6219244003295898e-01</leafValues></_></weakClassifiers></_>
    <!-- stage 1 -->
    <_>
      <maxWeakCount>3</maxWeakCount>
      <stageThreshold>-1.3620226383209229e+00</stageThreshold>
      <weakClassifiers>
        <_>
          <internalNodes>
            0 -1 18 1.2663542293012142e-02</internalNodes>
          <leafValues>
            -9.8706895112991333e-01 9.3023255467414856e-02</leafValues></_>
        <_>
          <internalNodes>
            0 -1 35 -1.1140054091811180e-02</internalNodes>
          <leafValues>
            5.4435539245605469e-01 -8.3710336685180664e-01</leafValues></_>
        <_>
          <internalNodes>
            0 -1 19 7.4980431236326694e-03</internalNodes>
          <leafValues>
            -9.1930902004241943e-01 5.0743377208709717e-01</leafValues></_></weakClassifiers></_>
    <!-- stage 2 -->
    <_>
      <maxWeakCount>2</maxWeakCount>
      <stageThreshold>-7.3943251371383667e-01</stageThreshold>
      <weakClassifiers>
        <_>
          <internalNodes>
            0 -1 7 3.6059968173503876e-02</internalNodes>
          <leafValues>
            -9.0769231319427490e-01 7.3333334922790527e-01</leafValues></_>
        <_>
          <internalNodes>
            0 -1 14 8.2368832081556320e-03</internalNodes>
          <leafValues>
            -9.9392104148864746e-01 1.6825978457927704e-01</leafValues></_></weakClassifiers></_>
    <!-- stage 3 -->
    <_>
      <maxWeakCount>3</maxWeakCount>
      <stageThreshold>-1.1684734821319580e+00</stageThreshold>
      <weakClassifiers>
        <_>
          <internalNodes>
            0 -1 25 -3.2222621142864227e-02</internalNodes>
          <leafValues>
            1.2727272510528564e-01 -9.2323231697082520e-01</leafValues></_>
        <_>
          <internalNodes>
            0 -1 22 -1.7925716936588287e-02</internalNodes>
          <leafValues>
            6.2461948394775391e-01 -7.5146895647048950e-01</leafValues></_>
        <_>
          <internalNodes>
            0 -1 27 -1.6940410714596510e-03</internalNodes>
          <leafValues>
            5.1247411966323853e-01 -8.6986064910888672e-01</leafValues></_></weakClassifiers></_>
    <!-- stage 4 -->
    <_>
      <maxWeakCount>4</maxWeakCount>
      <stageThreshold>-1.2569659948348999e+00</stageThreshold>
      <weakClassifiers>
        <_>
          <internalNodes>
            0 -1 33 -9.3086846172809601e-03</internalNodes>
          <leafValues>
            1.1999999731779099e-01 -9.1200000047683716e-01</leafValues></_>
        <_>
          <internalNodes>
            0 -1 24 -9.0398509055376053e-03</internalNodes>
          <leafValues>
            1.4244642853736877e-01 -8.8411808013916016e-01</leafValues></_>
        <_>
          <internalNodes>
            0 -1 34 6.3465073704719543e-02</internalNodes>
          <leafValues>
            -8.4338527917861938e-01 3.8826727867126465e-01</leafValues></_>
        <_>
          <internalNodes>
            0 -1 9 1.7333669820800424e-03</internalNodes>
          <leafValues>
            -8.7567967176437378e-01 3.7043714523315430e-01</leafValues></_></weakClassifiers></_>
    <!-- stage 5 -->
    <_>
      <maxWeakCount>5</maxWeakCount>
      <stageThreshold>-1.6244816780090332e+00</stageThreshold>
      <weakClassifiers>
        <_>
          <internalNodes>
            0 -1 26 -1.6679921746253967e-01</internalNodes>
          <leafValues>
            3.3333334326744080e-01 -8.9168280363082886e-01</leafValues></_>
        <_>
          <internalNodes>
            0 -1 21 -4.0856963023543358e-03</internalNodes>
          <leafValues>
            2.6470410823822021e-01 -7.5367462635040283e-01</leafValues></_>
        <_>
          <internalNodes>
            0 -1 13 -5.0805784761905670e-02</internalNodes>
          <leafValues>
            5.4568880796432495e-01 -6.3085210323333740e-01</leafValues></_>
        <_>
          <internalNodes>
            0 -1 12 8.0113187432289124e-02</internalNodes>
          <leafValues>
            -8.6865597963333130e-01 3.9194601774215698e-01</leafValues></_>
        <_>
          <internalNodes>
            0 -1 31 -7.3402645066380501e-03</internalNodes>
          <leafValues>
            3.4384292364120483e-01 -8.2146173715591431e-01</leafValues></_></weakClassifiers></_>
    <!-- stage 6 -->
    <_>
      <maxWeakCount>3</maxWeakCount>
      <stageThreshold>-1.4441050291061401e+00</stageThreshold>
      <weakClassifiers>
        <_>
          <internalNodes>
            0 -1 5 3.7767402827739716e-02</internalNodes>
          <leafValues>
            -9.0059643983840942e-01 6.3829787075519562e-02</leafValues></_>
        <_>
          <internalNodes>
            0 -1 21 -4.1150534525513649e-03</internalNodes>
          <leafValues>
            2.8714028000831604e-01 -7.4716365337371826e-01</leafValues></_>
        <_>
          <internalNodes>
            0 -1 11 -1.2076894938945770e-01</internalNodes>
          <leafValues>
            3.1692382693290710e-01 -8.3064883947372437e-01</leafValues></_></weakClassifiers></_>
    <!-- stage 7 -->
    <_>
      <maxWeakCount>4</maxWeakCount>
      <stageThreshold>-1.5845444202423096e+00</stageThreshold>
      <weakClassifiers>
        <_>
          <internalNodes>
            0 -1 6 3.8355991244316101e-02</internalNodes>
          <leafValues>
            -8.9655172824859619e-01 6.4285713434219360e-01</leafValues></_>
        <_>
          <internalNodes>
            0 -1 30 1.4650944649474695e-05</internalNodes>
          <leafValues>
            -8.9681226015090942e-01 -3.6444492638111115e-02</leafValues></_>
        <_>
          <internalNodes>
            0 -1 17 -4.9477949505671859e-04</internalNodes>
          <leafValues>
            2.1422941982746124e-01 -8.5280770063400269e-01</leafValues></_>
        <_>
          <internalNodes>
            0 -1 29 -1.1993094085482880e-04</internalNodes>
          <leafValues>
            -1. 2.0125946402549744e-01</leafValues></_></weakClassifiers></_>
    <!-- stage 8 -->
    <_>
      <maxWeakCount>4</maxWeakCount>
      <stageThreshold>-1.1262924671173096e+00</stageThreshold>
      <weakClassifiers>
        <_>
          <internalNodes>
            0 -1 2 3.6894679069519043e-02</internalNodes>
          <leafValues>
            -9.0138065814971924e-01 1.6279070079326630e-01</leafValues></_>
        <_>
          <internalNodes>
            0 -1 23 -1.3239935040473938e-01</internalNodes>
          <leafValues>
            4.4541636109352112e-01 -6.2387222051620483e-01</leafValues></_>
        <_>
          <internalNodes>
            0 -1 15 4.3131257407367229e-03</internalNodes>
          <leafValues>
            -9.3614667654037476e-01 2.5622004270553589e-01</leafValues></_>
        <_>
          <internalNodes>
            0 -1 32 2.2166003473103046e-03</internalNodes>
          <leafValues>
            -9.2654818296432495e-01 2.2982548177242279e-01</leafValues></_></weakClassifiers></_>
    <!-- stage 9 -->
    <_>
      <maxWeakCount>4</maxWeakCount>
      <stageThreshold>-1.0565713644027710e+00</stageThreshold>
      <weakClassifiers>
        <_>
          <internalNodes>
            0 -1 0 2.1754202246665955e-01</internalNodes>
          <leafValues>
            -8.9694654941558838e-01 7.6923078298568726e-01</leafValues></_>
        <_>
          <internalNodes>
            0 -1 8 2.1275799721479416e-02</internalNodes>
          <leafValues>
            -6.7197388410568237e-01 7.0092564821243286e-01</leafValues></_>
        <_>
          <internalNodes>
            0 -1 28 -3.6379613447934389e-04</internalNodes>
          <leafValues>
            2.5227418541908264e-01 -9.0528130531311035e-01</leafValues></_>
        <_>
          <internalNodes>
            0 -1 16 -7.6271033321972936e-05</internalNodes>
          <leafValues>
            -8.9523053169250488e-01 2.6007491350173950e-01</leafValues></_></weakClassifiers></_>
    <!-- stage 10 -->
    <_>
      <maxWeakCount>3</maxWeakCount>
      <stageThreshold>-1.4357625246047974e+00</stageThreshold>
      <weakClassifiers>
        <_>
          <internalNodes>
            0 -1 4 4.2540960013866425e-02</internalNodes>
          <leafValues>
            -9.1428571939468384e-01 -3.3333335071802139e-02</leafValues></_>
        <_>
          <internalNodes>
            0 -1 3 2.8430132195353508e-02</internalNodes>
          <leafValues>
            -6.9250088930130005e-01 2.9129108786582947e-01</leafValues></_>
        <_>
          <internalNodes>
            0 -1 20 -1.6259807161986828e-03</internalNodes>
          <leafValues>
            2.8350493311882019e-01 -8.1276792287826538e-01</leafValues></_></weakClassifiers></_></stages>
  <features>
    <_>
      <rects>
        <_>
          0 1 10 21 -1.</_>
        <_>
          5 1 5 21 2.</_></rects>
      <tilted>0</tilted></_>
    <_>
      <rects>
        <_>
          0 1 24 5 -1.</_>
        <_>
          8 1 8 5 3.</_></rects>
      <tilted>0</tilted></_>
    <_>
      <rects>
        <_>
          0 4 8 3 -1.</_>
        <_>
          4 4 4 3 2.</_></rects>
      <tilted>0</tilted></_>
    <_>
      <rects>
        <_>
          0 19 12 3 -1.</_>
        <_>
          6 19 6 3 2.</_></rects>
      <tilted>0</tilted></_>
    <_>
      <rects>
        <_>
          1 2 8 4 -1.</_>
        <_>
          5 2 4 4 2.</_></rects>
      <tilted>0</tilted></_>
    <_>
      <rects>
        <_>
          1 3 8 3 -1.</_>
        <_>
          5 3 4 3 2.</_></rects>
      <tilted>0</tilted></_>
    <_>
      <rects>
        <_>
          1 5 4 7 -1.</_>
        <_>
          3 5 2 7 2.</_></rects>
      <tilted>0</tilted></_>
    <_>
      <rects>
        <_>
          1 6 4 8 -1.</_>
        <_>
          3 6 2 8 2.</_></rects>
      <tilted>0</tilted></_>
    <_>
      <rects>
        <_>
          3 0 1 14 -1.</_>
        <_>
          3 7 1 7 2.</_></rects>
      <tilted>0</tilted></_>
    <_>
      <rects>
        <_>
          3 12 6 3 -1.</_>
        <_>
          5 12 2 3 3.</_></rects>
      <tilted>0</tilted></_>
    <_>
      <rects>
        <_>
          4 7 19 12 -1.</_>
        <_>
          4 11 19 4 3.</_></rects>
      <tilted>0</tilted></_>
    <_>
      <rects>
        <_>
          4 10 17 14 -1.</_>
        <_>
          4 17 17 7 2.</_></rects>
      <tilted>0</tilted></_>
    <_>
      <rects>
        <_>
          5 2 18 22 -1.</_>
        <_>
          11 2 6 22 3.</_></rects>
      <tilted>0</tilted></_>
    <_>
      <rects>
        <_>
          7 4 11 6 -1.</_>
        <_>
          7 7 11 3 2.</_></rects>
      <tilted>0</tilted></_>
    <_>
      <rects>
        <_>
          7 9 3 4 -1.</_>
        <_>
          7 11 3 2 2.</_></rects>
      <tilted>0</tilted></_>
    <_>
      <rects>
        <_>
          7 9 7 2 -1.</_>
        <_>
          7 10 7 1 2.</_></rects>
      <tilted>0</tilted></_>
    <_>
      <rects>
        <_>
          8 0 3 6 -1.</_>
        <_>
          9 0 1 6 3.</_></rects>
      <tilted>0</tilted></_>
    <_>
      <rects>
        <_>
          8 13 6 4 -1.</_>
        <_>
          8 13 3 2 2.</_>
        <_>
          11 15 3 2 2.</_></rects>
      <tilted>0</tilted></_>
    <_>
      <rects>
        <_>
          9 7 6 4 -1.</_>
        <_>
          11 7 2 4 3.</_></rects>
      <tilted>0</tilted></_>
    <_>
      <rects>
        <_>
          9 8 6 2 -1.</_>
        <_>
          11 8 2 2 3.</_></rects>
      <tilted>0</tilted></_>
    <_>
      <rects>
        <_>
          10 10 2 10 -1.</_>
        <_>
          10 10 1 5 2.</_>
        <_>
          11 15 1 5 2.</_></rects>
      <tilted>0</tilted></_>
    <_>
      <rects>
        <_>
          10 14 4 3 -1.</_>
        <_>
          10 15 4 1 3.</_></rects>
      <tilted>0</tilted></_>
    <_>
      <rects>
        <_>
          10 21 14 1 -1.</_>
        <_>
          17 21 7 1 2.</_></rects>
      <tilted>0</tilted></_>
    <_>
      <rects>
        <_>
          11 0 12 7 -1.</_>
        <_>
          17 0 6 7 2.</_></rects>
      <tilted>0</tilted></_>
    <_>
      <rects>
        <_>
          11 9 6 2 -1.</_>
        <_>
          14 9 3 2 2.</_></rects>
      <tilted>0</tilted></_>
    <_>
      <rects>
        <_>
          13 3 10 2 -1.</_>
        <_>
          18 3 5 2 2.</_></rects>
      <tilted>0</tilted></_>
    <_>
      <rects>
        <_>
          14 2 10 13 -1.</_>
        <_>
          19 2 5 13 2.</_></rects>
      <tilted>0</tilted></_>
    <_>
      <rects>
        <_>
          14 4 1 4 -1.</_>
        <_>
          14 6 1 2 2.</_></rects>
      <tilted>0</tilted></_>
    <_>
      <rects>
        <_>
          14 7 3 3 -1.</_>
        <_>
          15 7 1 3 3.</_></rects>
      <tilted>0</tilted></_>
    <_>
      <rects>
        <_>
          14 11 2 2 -1.</_>
        <_>
          14 11 1 1 2.</_>
        <_>
          15 12 1 1 2.</_></rects>
      <tilted>0</tilted></_>
    <_>
      <rects>
        <_>
          15 13 2 1 -1.</_>
        <_>
          16 13 1 1 2.</_></rects>
      <tilted>0</tilted></_>
    <_>
      <rects>
        <_>
          16 5 4 18 -1.</_>
        <_>
          16 5 2 9 2.</_>
        <_>
          18 14 2 9 2.</_></rects>
      <tilted>0</tilted></_>
    <_>
      <rects>
        <_>
          16 10 6 2 -1.</_>
        <_>
          16 11 6 1 2.</_></rects>
      <tilted>0</tilted></_>
    <_>
      <rects>
        <_>
          17 3 4 2 -1.</_>
        <_>
          19 3 2 2 2.</_></rects>
      <tilted>0</tilted></_>
    <_>
      <rects>
        <_>
          18 0 4 24 -1.</_>
        <_>
          18 8 4 8 3.</_></rects>
      <tilted>0</tilted></_>
    <_>
      <rects>
        <_>
          20 5 2 15 -1.</_>
        <_>
          21 5 1 15 2.</_></rects>
      <tilted>0</tilted></_></features></cascade>
</opencv_storage>
