<?xml version="1.0"?>
<opencv_storage>
<stage4>
  <maxWeakCount>4</maxWeakCount>
  <stageThreshold>-1.2569659948348999e+00</stageThreshold>
  <weakClassifiers>
    <_>
      <internalNodes>
        0 -1 149213 -9.3086846172809601e-03</internalNodes>
      <leafValues>
        1.1999999731779099e-01 -9.1200000047683716e-01</leafValues></_>
    <_>
      <internalNodes>
        0 -1 118728 -9.0398509055376053e-03</internalNodes>
      <leafValues>
        1.4244642853736877e-01 -8.8411808013916016e-01</leafValues></_>
    <_>
      <internalNodes>
        0 -1 152115 6.3465073704719543e-02</internalNodes>
      <leafValues>
        -8.4338527917861938e-01 3.8826727867126465e-01</leafValues></_>
    <_>
      <internalNodes>
        0 -1 46624 1.7333669820800424e-03</internalNodes>
      <leafValues>
        -8.7567967176437378e-01 3.7043714523315430e-01</leafValues></_></weakClassifiers></stage4>
</opencv_storage>
