<?xml version="1.0"?>
<opencv_storage>
<stage2>
  <maxWeakCount>2</maxWeakCount>
  <stageThreshold>-7.3943251371383667e-01</stageThreshold>
  <weakClassifiers>
    <_>
      <internalNodes>
        0 -1 18893 3.6059968173503876e-02</internalNodes>
      <leafValues>
        -9.0769231319427490e-01 7.3333334922790527e-01</leafValues></_>
    <_>
      <internalNodes>
        0 -1 86373 8.2368832081556320e-03</internalNodes>
      <leafValues>
        -9.9392104148864746e-01 1.6825978457927704e-01</leafValues></_></weakClassifiers></stage2>
</opencv_storage>
