<?xml version="1.0"?>
<opencv_storage>
<stage10>
  <maxWeakCount>3</maxWeakCount>
  <stageThreshold>-1.4357625246047974e+00</stageThreshold>
  <weakClassifiers>
    <_>
      <internalNodes>
        0 -1 15599 4.2540960013866425e-02</internalNodes>
      <leafValues>
        -9.1428571939468384e-01 -3.3333335071802139e-02</leafValues></_>
    <_>
      <internalNodes>
        0 -1 12888 2.8430132195353508e-02</internalNodes>
      <leafValues>
        -6.9250088930130005e-01 2.9129108786582947e-01</leafValues></_>
    <_>
      <internalNodes>
        0 -1 111831 -1.6259807161986828e-03</internalNodes>
      <leafValues>
        2.8350493311882019e-01 -8.1276792287826538e-01</leafValues></_></weakClassifiers></stage10>
</opencv_storage>
