<?xml version="1.0"?>
<opencv_storage>
<stage9>
  <maxWeakCount>4</maxWeakCount>
  <stageThreshold>-1.0565713644027710e+00</stageThreshold>
  <weakClassifiers>
    <_>
      <internalNodes>
        0 -1 1473 2.1754202246665955e-01</internalNodes>
      <leafValues>
        -8.9694654941558838e-01 7.6923078298568726e-01</leafValues></_>
    <_>
      <internalNodes>
        0 -1 38011 2.1275799721479416e-02</internalNodes>
      <leafValues>
        -6.7197388410568237e-01 7.0092564821243286e-01</leafValues></_>
    <_>
      <internalNodes>
        0 -1 136494 -3.6379613447934389e-04</internalNodes>
      <leafValues>
        2.5227418541908264e-01 -9.0528130531311035e-01</leafValues></_>
    <_>
      <internalNodes>
        0 -1 89851 -7.6271033321972936e-05</internalNodes>
      <leafValues>
        -8.9523053169250488e-01 2.6007491350173950e-01</leafValues></_></weakClassifiers></stage9>
</opencv_storage>
