<?xml version="1.0"?>
<opencv_storage>
<stage5>
  <maxWeakCount>5</maxWeakCount>
  <stageThreshold>-1.6244816780090332e+00</stageThreshold>
  <weakClassifiers>
    <_>
      <internalNodes>
        0 -1 134938 -1.6679921746253967e-01</internalNodes>
      <leafValues>
        3.3333334326744080e-01 -8.9168280363082886e-01</leafValues></_>
    <_>
      <internalNodes>
        0 -1 113174 -4.0856963023543358e-03</internalNodes>
      <leafValues>
        2.6470410823822021e-01 -7.5367462635040283e-01</leafValues></_>
    <_>
      <internalNodes>
        0 -1 84027 -5.0805784761905670e-02</internalNodes>
      <leafValues>
        5.4568880796432495e-01 -6.3085210323333740e-01</leafValues></_>
    <_>
      <internalNodes>
        0 -1 62507 8.0113187432289124e-02</internalNodes>
      <leafValues>
        -8.6865597963333130e-01 3.9194601774215698e-01</leafValues></_>
    <_>
      <internalNodes>
        0 -1 145727 -7.3402645066380501e-03</internalNodes>
      <leafValues>
        3.4384292364120483e-01 -8.2146173715591431e-01</leafValues></_></weakClassifiers></stage5>
</opencv_storage>
